"scientific_name","full_name","species_group","mobility","run_name","internal_score","external_mean_score","overall_min_score","overall_mean_score","presence_sum"
"Abramis.brama","Abramis brama","fish","mobile","run3_fish",3,2.5,2.5,2.75,266582
"Agonus.cataphractus","Agonus cataphractus","fish","mobile","run3_fish",3,3,3,3,609605
"Alburnus.alburnus","Alburnus alburnus","fish","mobile","run3_fish",3,2.5,2.5,2.75,319040
"Alosa.fallax","Alosa fallax","fish","mobile","run3_fish",2,2.5,2,2.25,658524
"Amblyraja.radiata","Amblyraja radiata","fish","mobile","run3_fish",3,1.5,1.5,2.25,206859
"Ammodytes.marinus","Ammodytes marinus","fish","mobile","run3_fish",2,2,2,2,791113
"Aphia.minuta","Aphia minuta","fish","mobile","run3_fish",3,3,3,3,358022
"Arnoglossus.laterna","Arnoglossus laterna","fish","mobile","run3_fish",3,3,3,3,418247
"Belone.belone","Belone belone","fish","mobile","run3_fish",3,3,3,3,1397418
"Blicca.bjoerkna","Blicca bjoerkna","fish","mobile","run3_fish",3,2.5,2.5,2.75,309627
"Buglossidium.luteum","Buglossidium luteum","fish","mobile","run3_fish",3,3,3,3,209445
"Callionymus.lyra","Callionymus lyra","fish","mobile","run3_fish",3,3,3,3,384444
"Callionymus.maculatus","Callionymus maculatus","fish","mobile","run3_fish",3,2,2,2.5,252326
"Carassius.carassius","Carassius carassius","fish","mobile","run3_fish",2,2.33333333333333,2,2.16666666666667,59763
"Chelidonichthys.lucerna","Chelidonichthys lucerna","fish","mobile","run3_fish",3,3,3,3,225871
"Ciliata.mustela","Ciliata mustela","fish","mobile","run3_fish",3,1.5,1.5,2.25,34311
"Clupea.harengus","Clupea harengus","fish","mobile","run3_fish",3,3,3,3,6219050
"Coregonus.albula","Coregonus albula","fish","mobile","run3_fish",3,2.5,2.5,2.75,347352
"Coregonus.maraena","Coregonus maraena","fish","mobile","run3_fish",2,1.5,1.5,1.75,574350
"Cottus.gobio","Cottus gobio","fish","mobile","run3_fish",2,2,2,2,27890
"Ctenolabrus.rupestris","Ctenolabrus rupestris","fish","mobile","run3_fish",3,3,3,3,110737
"Cyclopterus.lumpus","Cyclopterus lumpus","fish","mobile","run3_fish",3,1.5,1.5,2.25,2294767
"Enchelyopus.cimbrius","Enchelyopus cimbrius","fish","mobile","run3_fish",3,2,2,2.5,813474
"Engraulis.encrasicolus","Engraulis encrasicolus","fish","mobile","run3_fish",3,2,2,2.5,637143
"Entelurus.aequoreus","Entelurus aequoreus","fish","mobile","run3_fish",3,2,2,2.5,217688
"Esox.lucius","Esox lucius","fish","mobile","run3_fish",3,2.5,2.5,2.75,126873
"Gadus.morhua","Gadus morhua","fish","mobile","run3_fish",3,2.33333333333333,2.33333333333333,2.66666666666667,2896257
"Gasterosteus.aculeatus","Gasterosteus aculeatus","fish","mobile","run3_fish",3,2.5,2.5,2.75,4608973
"Glyptocephalus.cynoglossus","Glyptocephalus cynoglossus","fish","mobile","run3_fish",3,2.5,2.5,2.75,135391
"Gymnocephalus.cernua","Gymnocephalus cernua","fish","mobile","run3_fish",3,3,3,3,643786
"Hippoglossoides.platessoides","Hippoglossoides platessoides","fish","mobile","run3_fish",3,3,3,3,389979
"Hyperoplus.immaculatus","Hyperoplus immaculatus","fish","mobile","run3_fish",2,1.5,1.5,1.75,112124
"Hyperoplus.lanceolatus","Hyperoplus lanceolatus","fish","mobile","run3_fish",3,2,2,2.5,873054
"Labrus.bergylta","Labrus bergylta","fish","mobile","run3_fish",3,2,2,2.5,29332
"Lampetra.fluviatilis","Lampetra fluviatilis","fish","mobile","run3_fish",2,2.5,2,2.25,2009995
"Lepidorhombus.whiffiagonis","Lepidorhombus whiffiagonis","fish","mobile","run3_fish",2,2,2,2,166696
"Leuciscus.idus","Leuciscus idus","fish","mobile","run3_fish",3,3,3,3,101623
"Leuciscus.leuciscus","Leuciscus leuciscus","fish","mobile","run3_fish",3,2.5,2.5,2.75,43292
"Limanda.limanda","Limanda limanda","fish","mobile","run3_fish",3,2.66666666666667,2.66666666666667,2.83333333333333,885687
"Liparis.liparis","Liparis liparis","fish","mobile","run3_fish",2,2,2,2,824156
"Lophius.piscatorius","Lophius piscatorius","fish","mobile","run3_fish",2,1.33333333333333,1.33333333333333,1.66666666666667,168574
"Lota.lota","Lota lota","fish","mobile","run3_fish",2,2,2,2,80653
"Lumpenus.lampretaeformis","Lumpenus lampretaeformis","fish","mobile","run3_fish",3,2,2,2.5,327811
"Maurolicus.muelleri","Maurolicus muelleri","fish","mobile","run3_fish",3,1.5,1.5,2.25,70674
"Melanogrammus.aeglefinus","Melanogrammus aeglefinus","fish","mobile","run3_fish",3,2,2,2.5,301314
"Merlangius.merlangus","Merlangius merlangus","fish","mobile","run3_fish",3,2,2,2.5,895034
"Micromesistius.poutassou","Micromesistius poutassou","fish","mobile","run3_fish",2,1.5,1.5,1.75,601
"Microstomus.kitt","Microstomus kitt","fish","mobile","run3_fish",3,1.5,1.5,2.25,319293
"Mullus.surmuletus","Mullus surmuletus","fish","mobile","run3_fish",2,3,2,2.5,352266
"Myoxocephalus.quadricornis","Myoxocephalus quadricornis","fish","mobile","run3_fish",3,2.5,2.5,2.75,1593638
"Myoxocephalus.scorpius","Myoxocephalus scorpius","fish","mobile","run3_fish",3,2,2,2.5,581555
"Myxine.glutinosa","Myxine glutinosa","fish","mobile","run3_fish",3,3,3,3,82899
"Neogobius.melanostomus","Neogobius melanostomus","fish","mobile","run3_fish",3,2,2,2.5,452526
"Nerophis.ophidion","Nerophis ophidion","fish","mobile","run3_fish",2,1.5,1.5,1.75,3079014
"Osmerus.eperlanus","Osmerus eperlanus","fish","mobile","run3_fish",3,2.5,2.5,2.75,1476133
"Perca.fluviatilis","Perca fluviatilis","fish","mobile","run3_fish",3,3,3,3,828167
"Phoxinus.phoxinus","Phoxinus phoxinus","fish","mobile","run3_fish",3,2,2,2.5,8877
"Platichthys.flesus","Platichthys flesus","fish","mobile","run3_fish",3,2.66666666666667,2.66666666666667,2.83333333333333,3090962
"Pleuronectes.platessa","Pleuronectes platessa","fish","mobile","run3_fish",3,2.66666666666667,2.66666666666667,2.83333333333333,1557895
"Pollachius.pollachius","Pollachius pollachius","fish","mobile","run3_fish",3,3,3,3,51086
"Pollachius.virens","Pollachius virens","fish","mobile","run3_fish",3,3,3,3,89178
"Pomatoschistus.minutus","Pomatoschistus minutus","fish","mobile","run3_fish",3,2,2,2.5,1219893
"Pungitius.pungitius","Pungitius pungitius","fish","mobile","run3_fish",3,2.5,2.5,2.75,2965639
"Rutilus.rutilus","Rutilus rutilus","fish","mobile","run3_fish",3,3,3,3,552768
"Salmo.salar","Salmo salar","fish","mobile","run3_fish",2,2,2,2,3769504
"Salmo.trutta","Salmo trutta","fish","mobile","run3_fish",2,1.5,1.5,1.75,93574
"Sander.lucioperca","Sander lucioperca","fish","mobile","run3_fish",3,3,3,3,364596
"Sardina.pilchardus","Sardina pilchardus","fish","mobile","run3_fish",2,1.5,1.5,1.75,250098
"Scardinius.erythrophthalmus","Scardinius erythrophthalmus","fish","mobile","run3_fish",3,3,3,3,116036
"Scomber.scombrus","Scomber scombrus","fish","mobile","run3_fish",3,2,2,2.5,740615
"Scophthalmus.maximus","Scophthalmus maximus","fish","mobile","run3_fish",3,2.5,2.5,2.75,1477008
"Scophthalmus.rhombus","Scophthalmus rhombus","fish","mobile","run3_fish",3,2,2,2.5,614469
"Scyliorhinus.canicula","Scyliorhinus canicula","fish","mobile","run3_fish",2,1.5,1.5,1.75,233297
"Solea.solea","Solea solea","fish","mobile","run3_fish",3,2.5,2.5,2.75,531218
"Sprattus.sprattus","Sprattus sprattus","fish","mobile","run3_fish",3,3,3,3,4783768
"Squalus.acanthias","Squalus acanthias","fish","mobile","run3_fish",3,1.5,1.5,2.25,103437
"Symphodus.melops","Symphodus melops","fish","mobile","run3_fish",3,2.5,2.5,2.75,34845
"Syngnathus.acus","Syngnathus acus","fish","mobile","run3_fish",3,2,2,2.5,107427
"Syngnathus.rostellatus","Syngnathus rostellatus","fish","mobile","run3_fish",2,1.5,1.5,1.75,482009
"Taurulus.bubalis","Taurulus bubalis","fish","mobile","run3_fish",3,2,2,2.5,62705
"Tinca.tinca","Tinca tinca","fish","mobile","run3_fish",3,2.5,2.5,2.75,59325
"Trachinus.draco","Trachinus draco","fish","mobile","run3_fish",3,3,3,3,357696
"Trachurus.trachurus","Trachurus trachurus","fish","mobile","run3_fish",3,2,2,2.5,671414
"Trisopterus.esmarkii","Trisopterus esmarkii","fish","mobile","run3_fish",3,2,2,2.5,175260
"Trisopterus.minutus","Trisopterus minutus","fish","mobile","run3_fish",3,2,2,2.5,250756
"Vimba.vimba","Vimba vimba","fish","mobile","run3_fish",3,2,2,2.5,146743
"Zoarces.viviparus","Zoarces viviparus","fish","mobile","run3_fish",3,2.5,2.5,2.75,979519
"Aegagropila.linnaei","Aegagropila linnaei","macrophytes","non-mobile","run3_macrophytes",3,3,3,3,99009
"Aglaothamnion.tenuissimum","Aglaothamnion tenuissimum","macrophytes","non-mobile","run3_macrophytes",2,2,2,2,432567
"Ahnfeltia.plicata","Ahnfeltia plicata","macrophytes","non-mobile","run3_macrophytes",3,2,2,2.5,282617
"Alisma.wahlenbergii","Alisma wahlenbergii","macrophytes","non-mobile","run3_macrophytes",3,3,3,3,5150
"Apoglossum.ruscifolium","Apoglossum ruscifolium","macrophytes","non-mobile","run3_macrophytes",2,2,2,2,19753
"Ascophyllum.nodosum","Ascophyllum nodosum","macrophytes","non-mobile","run3_macrophytes",3,2,2,2.5,9185
"Asperococcus.bullosus","Asperococcus bullosus","macrophytes","non-mobile","run3_macrophytes",3,2,2,2.5,29231
"Batrachospermum","Batrachospermum","macrophytes","non-mobile","run3_macrophytes",2,2,2,2,1000
"Battersia.arctica","Battersia arctica","macrophytes","non-mobile","run3_macrophytes",3,2,2,2.5,900071
"Bolboschoenus.maritimus","Bolboschoenus maritimus","macrophytes","non-mobile","run3_macrophytes",3,3,3,3,53194
"Bonnemaisonia.asparagoides","Bonnemaisonia asparagoides","macrophytes","non-mobile","run3_macrophytes",3,2,2,2.5,44632
"Bonnemaisonia.hamifera","Bonnemaisonia hamifera","macrophytes","non-mobile","run3_macrophytes",2,2,2,2,337080
"Bryopsis.hypnoides","Bryopsis hypnoides","macrophytes","non-mobile","run3_macrophytes",3,2.5,2.5,2.75,341762
"Bryopsis.plumosa","Bryopsis plumosa","macrophytes","non-mobile","run3_macrophytes",3,3,3,3,223934
"Butomus.umbellatus","Butomus umbellatus","macrophytes","non-mobile","run3_macrophytes",2,2,2,2,6346
"Callithamnion.corymbosum","Callithamnion corymbosum","macrophytes","non-mobile","run3_macrophytes",2,2,2,2,462146
"Callithamnion.tetragonum","Callithamnion tetragonum","macrophytes","non-mobile","run3_macrophytes",2,2,2,2,21291
"Callitriche.hermaphroditica","Callitriche hermaphroditica","macrophytes","non-mobile","run3_macrophytes",3,2.5,2.5,2.75,31983
"Callitriche.palustris","Callitriche palustris","macrophytes","non-mobile","run3_macrophytes",3,2.5,2.5,2.75,10889
"Caltha.palustris","Caltha palustris","macrophytes","non-mobile","run3_macrophytes",2,2.5,2,2.25,16326
"Ceramium.diaphanum","Ceramium diaphanum","macrophytes","non-mobile","run3_macrophytes",2,2,2,2,507214
"Ceramium.tenuicorne","Ceramium tenuicorne","macrophytes","non-mobile","run3_macrophytes",3,3,3,3,784063
"Ceramium.virgatum","Ceramium virgatum","macrophytes","non-mobile","run3_macrophytes",3,3,3,3,408280
"Ceratophyllum.demersum","Ceratophyllum demersum","macrophytes","non-mobile","run3_macrophytes",3,2.5,2.5,2.75,66800
"Chaetomorpha.linum","Chaetomorpha linum","macrophytes","non-mobile","run3_macrophytes",3,2,2,2.5,367933
"Chaetomorpha.melagonium","Chaetomorpha melagonium","macrophytes","non-mobile","run3_macrophytes",3,2,2,2.5,451731
"Chara.aspera","Chara aspera","macrophytes","non-mobile","run3_macrophytes",3,2.5,2.5,2.75,95198
"Chara.baltica","Chara baltica","macrophytes","non-mobile","run3_macrophytes",3,2,2,2.5,105387
"Chara.braunii","Chara braunii","macrophytes","non-mobile","run3_macrophytes",3,3,3,3,1796
"Chara.canescens","Chara canescens","macrophytes","non-mobile","run3_macrophytes",3,2.5,2.5,2.75,91050
"Chara.connivens","Chara connivens","macrophytes","non-mobile","run3_macrophytes",3,3,3,3,53663
"Chara.horrida","Chara horrida","macrophytes","non-mobile","run3_macrophytes",3,3,3,3,4099
"Chara.tomentosa","Chara tomentosa","macrophytes","non-mobile","run3_macrophytes",3,2,2,2.5,39064
"Chara.virgata","Chara virgata","macrophytes","non-mobile","run3_macrophytes",3,3,3,3,10078
"Chondrus.crispus","Chondrus crispus","macrophytes","non-mobile","run3_macrophytes",3,2.5,2.5,2.75,291091
"Chorda.filum","Chorda filum","macrophytes","non-mobile","run3_macrophytes",3,3,3,3,216166
"Chordaria.flagelliformis","Chordaria flagelliformis","macrophytes","non-mobile","run3_macrophytes",3,3,3,3,122032
"Cicuta.virosa","Cicuta virosa","macrophytes","non-mobile","run3_macrophytes",3,3,3,3,6490
"Cladophora.rupestris","Cladophora rupestris","macrophytes","non-mobile","run3_macrophytes",3,3,3,3,369017
"Cladophora.sericea","Cladophora sericea","macrophytes","non-mobile","run3_macrophytes",2,2,2,2,219244
"Coccotylus.Phyllophora","Coccotylus truncatus/Phyllophora pseudoceranoides","macrophytes","non-mobile","run3_macrophytes",3,2.5,2.5,2.75,1527232
"Colaconema.daviesii","Colaconema daviesii","macrophytes","non-mobile","run3_macrophytes",3,2,2,2.5,192215
"Corallina.officinalis","Corallina officinalis","macrophytes","non-mobile","run3_macrophytes",3,3,3,3,142732
"Crassula.aquatica","Crassula aquatica","macrophytes","non-mobile","run3_macrophytes",3,2,2,2.5,2339
"Cruoria.pellita","Cruoria pellita","macrophytes","non-mobile","run3_macrophytes",3,3,3,3,334990
"Cystoclonium.purpureum","Cystoclonium purpureum","macrophytes","non-mobile","run3_macrophytes",3,2.5,2.5,2.75,351587
"Dasya.baillouviana","Dasya baillouviana","macrophytes","non-mobile","run3_macrophytes",2,3,2,2.5,179188
"Dasysiphonia.japonica","Dasysiphonia japonica","macrophytes","non-mobile","run3_macrophytes",2,2,2,2,105563
"Delesseria.sanguinea","Delesseria sanguinea","macrophytes","non-mobile","run3_macrophytes",2,2,2,2,552811
"Derbesia.marina","Derbesia marina","macrophytes","non-mobile","run3_macrophytes",2,2,2,2,310592
"Desmarestia.aculeata","Desmarestia aculeata","macrophytes","non-mobile","run3_macrophytes",2,2,2,2,295810
"Desmarestia.viridis","Desmarestia viridis","macrophytes","non-mobile","run3_macrophytes",2,2,2,2,725880
"Dictyosiphon.chordaria","Dictyosiphon chordaria","macrophytes","non-mobile","run3_macrophytes",2,2,2,2,48190
"Dictyosiphon.foeniculaceus","Dictyosiphon foeniculaceus","macrophytes","non-mobile","run3_macrophytes",3,3,3,3,302236
"Dilsea.carnosa","Dilsea carnosa","macrophytes","non-mobile","run3_macrophytes",3,2,2,2.5,106431
"Dumontia.contorta","Dumontia contorta","macrophytes","non-mobile","run3_macrophytes",3,NA,3,3,228451
"Ectocarpus.Pylaiella","Ectocarpus siliculosus/Pylaiella littoralis","macrophytes","non-mobile","run3_macrophytes",3,3,3,3,624947
"Elachista.fucicola","Elachista fucicola","macrophytes","non-mobile","run3_macrophytes",3,2.5,2.5,2.75,305507
"Elatine.hydropiper","Elatine hydropiper","macrophytes","non-mobile","run3_macrophytes",3,3,3,3,14247
"Eleocharis.acicularis","Eleocharis acicularis","macrophytes","non-mobile","run3_macrophytes",3,3,3,3,32148
"Eleocharis.mamillata","Eleocharis mamillata","macrophytes","non-mobile","run3_macrophytes",3,2,2,2.5,3122
"Eleocharis.palustris","Eleocharis palustris","macrophytes","non-mobile","run3_macrophytes",3,2,2,2.5,11714
"Eleocharis.parvula","Eleocharis parvula","macrophytes","non-mobile","run3_macrophytes",3,3,3,3,12587
"Eleocharis.uniglumis","Eleocharis uniglumis","macrophytes","non-mobile","run3_macrophytes",3,2,2,2.5,36250
"Elodea.canadensis","Elodea canadensis","macrophytes","non-mobile","run3_macrophytes",3,2.5,2.5,2.75,11048
"Elodea.nuttallii","Elodea nuttallii","macrophytes","non-mobile","run3_macrophytes",2,2,2,2,4834
"Equisetum.fluviatile","Equisetum fluviatile","macrophytes","non-mobile","run3_macrophytes",3,2,2,2.5,10144
"Erythrodermis.traillii","Erythrodermis traillii","macrophytes","non-mobile","run3_macrophytes",2,2,2,2,126087
"Erythrotrichia.carnea","Erythrotrichia carnea","macrophytes","non-mobile","run3_macrophytes",3,3,3,3,149508
"Eudesme.virescens","Eudesme virescens","macrophytes","non-mobile","run3_macrophytes",3,3,3,3,258156
"Fissidens.fontanus","Fissidens fontanus","macrophytes","non-mobile","run3_macrophytes",3,NA,3,3,21993
"Fontinalis.antipyretica","Fontinalis antipyretica","macrophytes","non-mobile","run3_macrophytes",3,NA,3,3,96973
"Fontinalis.dalecarlica","Fontinalis dalecarlica","macrophytes","non-mobile","run3_macrophytes",3,2,2,2.5,23220
"Fontinalis.hypnoides","Fontinalis hypnoides","macrophytes","non-mobile","run3_macrophytes",2,NA,2,2,4555
"Fucus.serratus","Fucus serratus","macrophytes","non-mobile","run3_macrophytes",3,2.5,2.5,2.75,169344
"Fucus.vesiculosus.radicans","Fucus vesiculosus/Fucus radicans","macrophytes","non-mobile","run3_macrophytes",3,3,3,3,228799
"Furcellaria.lumbricalis","Furcellaria lumbricalis","macrophytes","non-mobile","run3_macrophytes",3,3,3,3,711480
"Gaillona.rosea","Gaillona rosea","macrophytes","non-mobile","run3_macrophytes",3,2,2,2.5,298698
"Halidrys.siliquosa","Halidrys siliquosa","macrophytes","non-mobile","run3_macrophytes",3,2,2,2.5,77860
"Halosiphon.tomentosus","Halosiphon tomentosus","macrophytes","non-mobile","run3_macrophytes",2,2,2,2,28569
"Heterosiphonia.plumosa","Heterosiphonia plumosa","macrophytes","non-mobile","run3_macrophytes",2,2,2,2,42075
"Hippuris.tetraphylla","Hippuris tetraphylla","macrophytes","non-mobile","run3_macrophytes",3,2.5,2.5,2.75,144
"Hippuris.vulgaris","Hippuris vulgaris","macrophytes","non-mobile","run3_macrophytes",3,NA,3,3,39147
"Juncus.gerardii","Juncus gerardii","macrophytes","non-mobile","run3_macrophytes",3,3,3,3,31222
"Laminaria.digitata","Laminaria digitata","macrophytes","non-mobile","run3_macrophytes",3,3,3,3,294250
"Laminaria.hyperborea","Laminaria hyperborea","macrophytes","non-mobile","run3_macrophytes",2,2,2,2,111916
"Leathesia.marina","Leathesia marina","macrophytes","non-mobile","run3_macrophytes",2,2,2,2,455594
"Lemna.minor","Lemna minor","macrophytes","non-mobile","run3_macrophytes",2,2,2,2,37666
"Lemna.trisulca","Lemna trisulca","macrophytes","non-mobile","run3_macrophytes",3,3,3,3,36880
"Limosella.aquatica","Limosella aquatica","macrophytes","non-mobile","run3_macrophytes",3,3,3,3,19350
"Lithothamnion.glaciale","Lithothamnion glaciale","macrophytes","non-mobile","run3_macrophytes",2,2,2,2,315272
"Lomentaria.clavellosa","Lomentaria clavellosa","macrophytes","non-mobile","run3_macrophytes",2,2,2,2,106957
"Melobesia.membranacea","Melobesia membranacea","macrophytes","non-mobile","run3_macrophytes",3,3,3,3,111215
"Membranoptera.alata","Membranoptera alata","macrophytes","non-mobile","run3_macrophytes",3,2.5,2.5,2.75,340568
"Mesogloia.vermiculata","Mesogloia vermiculata","macrophytes","non-mobile","run3_macrophytes",2,2,2,2,74835
"Monostroma.balticum","Monostroma balticum","macrophytes","non-mobile","run3_macrophytes",3,3,3,3,27287
"Myriophyllum.alterniflorum","Myriophyllum alterniflorum","macrophytes","non-mobile","run3_macrophytes",2,NA,2,2,27700
"Myriophyllum.sibiricum","Myriophyllum sibiricum","macrophytes","non-mobile","run3_macrophytes",3,3,3,3,28847
"Myriophyllum.spicatum","Myriophyllum spicatum","macrophytes","non-mobile","run3_macrophytes",3,2,2,2.5,158014
"Myriophyllum.verticillatum","Myriophyllum verticillatum","macrophytes","non-mobile","run3_macrophytes",3,3,3,3,15174
"Najas.marina","Najas marina","macrophytes","non-mobile","run3_macrophytes",3,2,2,2.5,42025
"Nemalion.multifidum","Nemalion multifidum","macrophytes","non-mobile","run3_macrophytes",3,2,2,2.5,100256
"Nitella.flexilis","Nitella flexilis","macrophytes","non-mobile","run3_macrophytes",2,2,2,2,160671
"Nitella.wahlbergiana","Nitella wahlbergiana","macrophytes","non-mobile","run3_macrophytes",3,NA,3,3,2763
"Nitellopsis.obtusa","Nitellopsis obtusa","macrophytes","non-mobile","run3_macrophytes",2,NA,2,2,619
"Nuphar.lutea","Nuphar lutea","macrophytes","non-mobile","run3_macrophytes",3,NA,3,3,7918
"Nymphaea.alba","Nymphaea alba","macrophytes","non-mobile","run3_macrophytes",3,NA,3,3,12589
"Odonthalia.dentata","Odonthalia dentata","macrophytes","non-mobile","run3_macrophytes",3,3,3,3,279470
"Palmaria.palmata","Palmaria palmata","macrophytes","non-mobile","run3_macrophytes",3,2.5,2.5,2.75,297430
"Persicaria.foliosa","Persicaria foliosa","macrophytes","non-mobile","run3_macrophytes",2,2,2,2,1535
"Peyssonnelia.dubyi","Peyssonnelia dubyi","macrophytes","non-mobile","run3_macrophytes",3,2,2,2.5,175411
"Phragmites.australis","Phragmites australis","macrophytes","non-mobile","run3_macrophytes",3,2,2,2.5,81466
"Phycodrys.rubens","Phycodrys rubens","macrophytes","non-mobile","run3_macrophytes",3,2,2,2.5,477625
"Phyllophora.crispa","Phyllophora crispa","macrophytes","non-mobile","run3_macrophytes",2,2,2,2,39007
"Plumaria.plumosa","Plumaria plumosa","macrophytes","non-mobile","run3_macrophytes",3,3,3,3,156301
"Polyides.rotunda","Polyides rotunda","macrophytes","non-mobile","run3_macrophytes",3,2.5,2.5,2.75,642212
"Polysiphonia.elongata","Polysiphonia elongata","macrophytes","non-mobile","run3_macrophytes",3,2,2,2.5,166890
"Polysiphonia.stricta","Polysiphonia stricta","macrophytes","non-mobile","run3_macrophytes",3,2.5,2.5,2.75,706477
"Potamogeton.berchtoldii","Potamogeton berchtoldii","macrophytes","non-mobile","run3_macrophytes",3,NA,3,3,20353
"Potamogeton.crispus","Potamogeton crispus","macrophytes","non-mobile","run3_macrophytes",2,2,2,2,7443
"Potamogeton.friesii","Potamogeton friesii","macrophytes","non-mobile","run3_macrophytes",3,NA,3,3,7942
"Potamogeton.gramineus","Potamogeton gramineus","macrophytes","non-mobile","run3_macrophytes",3,NA,3,3,20510
"Potamogeton.natans","Potamogeton natans","macrophytes","non-mobile","run3_macrophytes",3,NA,3,3,9479
"Potamogeton.obtusifolius","Potamogeton obtusifolius","macrophytes","non-mobile","run3_macrophytes",3,NA,3,3,6959
"Potamogeton.perfoliatus","Potamogeton perfoliatus","macrophytes","non-mobile","run3_macrophytes",3,NA,3,3,176529
"Potamogeton.praelongus","Potamogeton praelongus","macrophytes","non-mobile","run3_macrophytes",2,NA,2,2,3188
"Potamogeton.pusillus","Potamogeton pusillus","macrophytes","non-mobile","run3_macrophytes",3,2,2,2.5,31715
"Pterothamnion.plumula","Pterothamnion plumula","macrophytes","non-mobile","run3_macrophytes",3,3,3,3,214091
"Ptilota.gunneri","Ptilota gunneri","macrophytes","non-mobile","run3_macrophytes",3,2,2,2.5,38987
"Ranunculus.aquatilis","Ranunculus aquatilis","macrophytes","non-mobile","run3_macrophytes",2,2,2,2,20090
"Ranunculus.peltatus.peltatus","Ranunculus peltatus peltatus","macrophytes","non-mobile","run3_macrophytes",3,2.5,2.5,2.75,39584
"Ranunculus.reptans","Ranunculus reptans","macrophytes","non-mobile","run3_macrophytes",3,2,2,2.5,10050
"Rhizoclonium.riparium","Rhizoclonium riparium","macrophytes","non-mobile","run3_macrophytes",3,2,2,2.5,74138
"Rhodochorton.purpureum","Rhodochorton purpureum","macrophytes","non-mobile","run3_macrophytes",3,2,2,2.5,380863
"Rhodomela.confervoides","Rhodomela confervoides","macrophytes","non-mobile","run3_macrophytes",3,2,2,2.5,1005231
"Rhodophyllis.divaricata","Rhodophyllis divaricata","macrophytes","non-mobile","run3_macrophytes",3,3,3,3,43559
"Rubrointrusa.membranacea","Rubrointrusa membranacea","macrophytes","non-mobile","run3_macrophytes",3,2,2,2.5,246594
"Ruppia.cirrhosa","Ruppia cirrhosa","macrophytes","non-mobile","run3_macrophytes",3,2.5,2.5,2.75,192558
"Ruppia.maritima","Ruppia maritima","macrophytes","non-mobile","run3_macrophytes",3,2,2,2.5,111555
"Saccharina.latissima","Saccharina latissima","macrophytes","non-mobile","run3_macrophytes",3,2.5,2.5,2.75,321652
"Sagittaria.natans","Sagittaria natans","macrophytes","non-mobile","run3_macrophytes",2,NA,2,2,908
"Sagittaria.sagittifolia","Sagittaria sagittifolia","macrophytes","non-mobile","run3_macrophytes",3,3,3,3,2660
"Sargassum.muticum","Sargassum muticum","macrophytes","non-mobile","run3_macrophytes",3,2,2,2.5,14143
"Scagelothamnion.pusillum","Scagelothamnion pusillum","macrophytes","non-mobile","run3_macrophytes",2,1.5,1.5,1.75,365080
"Schoenoplectus.lacustris","Schoenoplectus lacustris","macrophytes","non-mobile","run3_macrophytes",3,2,2,2.5,14696
"Schoenoplectus.tabernaemontani","Schoenoplectus tabernaemontani","macrophytes","non-mobile","run3_macrophytes",3,3,3,3,75612
"Scytosiphon.lomentaria","Scytosiphon lomentaria","macrophytes","non-mobile","run3_macrophytes",2,2,2,2,115522
"Sparganium.emersum","Sparganium emersum","macrophytes","non-mobile","run3_macrophytes",3,2,2,2.5,1707
"Spermatochnus.paradoxus","Spermatochnus paradoxus","macrophytes","non-mobile","run3_macrophytes",2,2,2,2,102602
"Spermothamnion.repens","Spermothamnion repens","macrophytes","non-mobile","run3_macrophytes",3,2,2,2.5,261462
"Sphacelaria.cirrosa","Sphacelaria cirrosa","macrophytes","non-mobile","run3_macrophytes",3,2,2,2.5,420808
"Sphaceloderma.caespitulum","Sphaceloderma caespitulum","macrophytes","non-mobile","run3_macrophytes",3,2,2,2.5,204583
"Sphaerotrichia.divaricata","Sphaerotrichia divaricata","macrophytes","non-mobile","run3_macrophytes",3,2,2,2.5,230009
"Spongomorpha.aeruginosa","Spongomorpha aeruginosa","macrophytes","non-mobile","run3_macrophytes",2,2,2,2,26503
"Spongonema.tomentosum","Spongonema tomentosum","macrophytes","non-mobile","run3_macrophytes",2,2,2,2,32671
"Stictyosiphon.tortilis","Stictyosiphon tortilis","macrophytes","non-mobile","run3_macrophytes",3,2,2,2.5,33115
"Stuckenia.pectinata","Stuckenia pectinata","macrophytes","non-mobile","run3_macrophytes",3,2,2,2.5,273051
"Stuckenia.vaginata","Stuckenia vaginata","macrophytes","non-mobile","run3_macrophytes",2,2,2,2,1422
"Subularia.aquatica","Subularia aquatica","macrophytes","non-mobile","run3_macrophytes",3,3,3,3,24139
"Triglochin.maritima","Triglochin maritima","macrophytes","non-mobile","run3_macrophytes",3,2,2,2.5,37068
"Typha.angustifolia","Typha angustifolia","macrophytes","non-mobile","run3_macrophytes",3,NA,3,3,7428
"Typha.latifolia","Typha latifolia","macrophytes","non-mobile","run3_macrophytes",3,2,2,2.5,15988
"Ulothrix.zonata","Ulothrix zonata","macrophytes","non-mobile","run3_macrophytes",3,3,3,3,15285
"Ulva.lactuca","Ulva lactuca","macrophytes","non-mobile","run3_macrophytes",3,2,2,2.5,166265
"Ulva.linza","Ulva linza","macrophytes","non-mobile","run3_macrophytes",2,2,2,2,10718
"Ulva.prolifera","Ulva prolifera","macrophytes","non-mobile","run3_macrophytes",2,2,2,2,46528
"Urospora.penicilliformis","Urospora penicilliformis","macrophytes","non-mobile","run3_macrophytes",2,2,2,2,40158
"Utricularia.vulgaris","Utricularia vulgaris","macrophytes","non-mobile","run3_macrophytes",3,NA,3,3,2608
"Vaucheria","Vaucheria","macrophytes","non-mobile","run3_macrophytes",3,2,2,2.5,113537
"Vertebrata.byssoides","Vertebrata byssoides","macrophytes","non-mobile","run3_macrophytes",3,2.5,2.5,2.75,341355
"Vertebrata.fucoides","Vertebrata fucoides","macrophytes","non-mobile","run3_macrophytes",3,3,3,3,980348
"Zannichellia.major","Zannichellia major","macrophytes","non-mobile","run3_macrophytes",3,3,3,3,93638
"Zannichellia.palustris","Zannichellia palustris","macrophytes","non-mobile","run3_macrophytes",3,2,2,2.5,272053
"Zostera.marina","Zostera marina","macrophytes","non-mobile","run3_macrophytes",3,1.66666666666667,1.66666666666667,2.33333333333333,204801
"Zygnema","Zygnema","macrophytes","non-mobile","run3_macrophytes",2,3,2,2.5,2873
"Abra.alba","Abra alba","invertebrates","non-mobile","run3_invertebrates",3,2.5,2.5,2.75,189883
"Abra.nitida","Abra nitida","invertebrates","non-mobile","run3_invertebrates",3,3,3,3,237448
"Abyssoninoe.hibernica","Abyssoninoe hibernica","invertebrates","non-mobile","run3_invertebrates",2,2,2,2,159553
"Acanthocardia.echinata","Acanthocardia echinata","invertebrates","non-mobile","run3_invertebrates",2,2.5,2,2.25,29301
"Alitta.succinea","Alitta succinea","invertebrates","non-mobile","run3_invertebrates",3,2.5,2.5,2.75,182993
"Alkmaria.romijni","Alkmaria romijni","invertebrates","non-mobile","run3_invertebrates",2,1.33333333333333,1.33333333333333,1.66666666666667,6617
"Alloteuthis.subulata","Alloteuthis subulata","invertebrates","mobile","run3_fish",3,2,2,2.5,46405
"Ampelisca.brevicornis","Ampelisca brevicornis","invertebrates","non-mobile","run3_invertebrates",3,3,3,3,176475
"Ampelisca.diadema","Ampelisca diadema","invertebrates","non-mobile","run3_invertebrates",3,3,3,3,63241
"Ampelisca.macrocephala","Ampelisca macrocephala","invertebrates","non-mobile","run3_invertebrates",2,2.5,2,2.25,106362
"Ampharete.baltica","Ampharete baltica","invertebrates","non-mobile","run3_invertebrates",3,3,3,3,446694
"Amphibalanus.improvisus","Amphibalanus improvisus","invertebrates","non-mobile","run3_invertebrates",3,2.33333333333333,2.33333333333333,2.66666666666667,1094330
"Amphiura.filiformis","Amphiura filiformis","invertebrates","non-mobile","run3_invertebrates",3,2.5,2.5,2.75,274011
"Anobothrus.gracilis","Anobothrus gracilis","invertebrates","non-mobile","run3_invertebrates",3,2.5,2.5,2.75,105752
"Apherusa.bispinosa","Apherusa bispinosa","invertebrates","non-mobile","run3_invertebrates",2,1.5,1.5,1.75,64342
"Apistobranchus.tullbergi","Apistobranchus tullbergi","invertebrates","non-mobile","run3_invertebrates",3,2.5,2.5,2.75,30112
"Aporrhais.pespelecani","Aporrhais pespelecani","invertebrates","non-mobile","run3_invertebrates",3,2.5,2.5,2.75,32750
"Arctica.islandica","Arctica islandica","invertebrates","non-mobile","run3_invertebrates",3,3,3,3,357218
"Arenicola.marina","Arenicola marina","invertebrates","non-mobile","run3_invertebrates",3,3,3,3,238890
"Aricidea.minuta","Aricidea minuta","invertebrates","non-mobile","run3_invertebrates",3,3,3,3,77528
"Aricidea.suecica","Aricidea suecica","invertebrates","non-mobile","run3_invertebrates",3,3,3,3,260929
"Artacama.proboscidea","Artacama proboscidea","invertebrates","non-mobile","run3_invertebrates",2,2.5,2,2.25,20296
"Astarte.borealis","Astarte borealis","invertebrates","non-mobile","run3_invertebrates",3,2.5,2.5,2.75,171400
"Astarte.elliptica","Astarte elliptica","invertebrates","non-mobile","run3_invertebrates",3,2,2,2.5,173543
"Astarte.montagui","Astarte montagui","invertebrates","non-mobile","run3_invertebrates",2,2,2,2,17859
"Asterias.rubens","Asterias rubens","invertebrates","non-mobile","run3_invertebrates",3,2,2,2.5,257439
"Baltidrilus.costatus","Baltidrilus costatus","invertebrates","non-mobile","run3_invertebrates",3,2,2,2.5,63108
"Bathyporeia.guilliamsonia","Bathyporeia guilliamsonia","invertebrates","non-mobile","run3_invertebrates",3,3,3,3,71844
"Bathyporeia.pelagica","Bathyporeia pelagica","invertebrates","non-mobile","run3_invertebrates",2,2.33333333333333,2,2.16666666666667,2333
"Bathyporeia.pilosa","Bathyporeia pilosa","invertebrates","non-mobile","run3_invertebrates",3,1.66666666666667,1.66666666666667,2.33333333333333,1281840
"Bittium.reticulatum","Bittium reticulatum","invertebrates","non-mobile","run3_invertebrates",3,3,3,3,86854
"Brada.villosa","Brada villosa","invertebrates","non-mobile","run3_invertebrates",3,3,3,3,54797
"Branchiostoma.lanceolatum","Branchiostoma lanceolatum","invertebrates","non-mobile","run3_invertebrates",3,2.5,2.5,2.75,33220
"Bylgides.sarsi","Bylgides sarsi","invertebrates","non-mobile","run3_invertebrates",3,2,2,2.5,2798600
"Callopora.lineata","Callopora lineata","invertebrates","non-mobile","run3_invertebrates",3,2.5,2.5,2.75,98930
"Cancer.pagurus","Cancer pagurus","invertebrates","mobile","run3_fish",3,3,3,3,240138
"Capitella.capitata","Capitella capitata","invertebrates","non-mobile","run3_invertebrates",3,3,3,3,201932
"Carcinus.maenas","Carcinus maenas","invertebrates","mobile","run3_fish",3,NA,3,3,76234
"Cerastoderma.edule","Cerastoderma edule","invertebrates","non-mobile","run3_invertebrates",3,1.5,1.5,2.25,201817
"Cerastoderma.glaucum","Cerastoderma glaucum","invertebrates","non-mobile","run3_invertebrates",3,3,3,3,1218874
"Chaetoderma.nitidulum","Chaetoderma nitidulum","invertebrates","non-mobile","run3_invertebrates",3,3,3,3,134089
"Chaetozone.setosa","Chaetozone setosa","invertebrates","non-mobile","run3_invertebrates",3,2.5,2.5,2.75,321772
"Chalinula.limbata","Chalinula limbata","invertebrates","non-mobile","run3_invertebrates",2,1.5,1.5,1.75,162236
"Chamelea.gallina","Chamelea gallina","invertebrates","non-mobile","run3_invertebrates",3,2,2,2.5,139984
"Clytia.hemisphaerica","Clytia hemisphaerica","invertebrates","non-mobile","run3_invertebrates",2,2,2,2,1289
"Corbula.gibba","Corbula gibba","invertebrates","non-mobile","run3_invertebrates",3,3,3,3,258087
"Corophium.volutator","Corophium volutator","invertebrates","non-mobile","run3_invertebrates",3,2.25,2.25,2.625,1652484
"Crassicorophium.crassicor","Crassicorophium crassicor","invertebrates","non-mobile","run3_invertebrates",3,3,3,3,52694
"Crenella.decussata","Crenella decussata","invertebrates","non-mobile","run3_invertebrates",2,3,2,2.5,30315
"Cyanophthalma.obscura","Cyanophthalma obscura","invertebrates","non-mobile","run3_invertebrates",3,3,3,3,735732
"Cylichna.cylindracea","Cylichna cylindracea","invertebrates","non-mobile","run3_invertebrates",3,2.5,2.5,2.75,221139
"Dendrodoa.grossularia","Dendrodoa grossularia","invertebrates","non-mobile","run3_invertebrates",3,1.66666666666667,1.66666666666667,2.33333333333333,36971
"Diastylis.laevis","Diastylis laevis","invertebrates","non-mobile","run3_invertebrates",2,2.5,2,2.25,84634
"Diastylis.rathkei","Diastylis rathkei","invertebrates","non-mobile","run3_invertebrates",3,2.5,2.5,2.75,1419963
"Dipolydora.quadrilobata","Dipolydora quadrilobata","invertebrates","non-mobile","run3_invertebrates",3,2.5,2.5,2.75,126330
"Dosinia.exoleta","Dosinia exoleta","invertebrates","non-mobile","run3_invertebrates",2,3,2,2.5,169859
"Dreissena.polymorpha","Dreissena polymorpha","invertebrates","non-mobile","run3_invertebrates",2,1.33333333333333,1.33333333333333,1.66666666666667,50989
"Echinocardium.cordatum","Echinocardium cordatum","invertebrates","non-mobile","run3_invertebrates",3,3,3,3,169095
"Echinocyamus.pusillus","Echinocyamus pusillus","invertebrates","non-mobile","run3_invertebrates",3,3,3,3,214825
"Ecrobia.ventrosa","Ecrobia ventrosa","invertebrates","non-mobile","run3_invertebrates",3,3,3,3,603527
"Edwardsia.longicornis","Edwardsia longicornis","invertebrates","non-mobile","run3_invertebrates",2,1.33333333333333,1.33333333333333,1.66666666666667,205309
"Einhornia.crustulenta","Einhornia crustulenta","invertebrates","non-mobile","run3_invertebrates",3,2,2,2.5,658107
"Electra.pilosa","Electra pilosa","invertebrates","non-mobile","run3_invertebrates",3,2.5,2.5,2.75,57450
"Ennucula.tenuis","Ennucula tenuis","invertebrates","non-mobile","run3_invertebrates",3,1.5,1.5,2.25,192180
"Escharella.immersa","Escharella immersa","invertebrates","non-mobile","run3_invertebrates",2,2.5,2,2.25,77088
"Eteone.longa","Eteone longa","invertebrates","non-mobile","run3_invertebrates",3,3,3,3,332859
"Eucratea.loricata","Eucratea loricata","invertebrates","non-mobile","run3_invertebrates",3,2.5,2.5,2.75,222648
"Eudorella.truncatula","Eudorella truncatula","invertebrates","non-mobile","run3_invertebrates",3,2.5,2.5,2.75,153594
"Eumida.bahusiensis","Eumida bahusiensis","invertebrates","non-mobile","run3_invertebrates",2,2,2,2,266924
"Eumida.sanguinea","Eumida sanguinea","invertebrates","non-mobile","run3_invertebrates",3,3,3,3,135363
"Fabricia.stellaris","Fabricia stellaris","invertebrates","non-mobile","run3_invertebrates",3,2.33333333333333,2.33333333333333,2.66666666666667,248043
"Fabulina.fabula","Fabulina fabula","invertebrates","non-mobile","run3_invertebrates",3,3,3,3,129226
"Filellum.serpens","Filellum serpens","invertebrates","non-mobile","run3_invertebrates",2,2.5,2,2.25,348669
"Galathowenia.oculata","Galathowenia oculata","invertebrates","non-mobile","run3_invertebrates",3,3,3,3,252343
"Gammarellus.homari","Gammarellus homari","invertebrates","non-mobile","run3_invertebrates",2,1.5,1.5,1.75,424
"Gammarus.oceanicus","Gammarus oceanicus","invertebrates","non-mobile","run3_invertebrates",2,2,2,2,407320
"Gammarus.salinus","Gammarus salinus","invertebrates","non-mobile","run3_invertebrates",3,2.5,2.5,2.75,1579576
"Gammarus.tigrinus","Gammarus tigrinus","invertebrates","non-mobile","run3_invertebrates",2,1.33333333333333,1.33333333333333,1.66666666666667,757503
"Gammarus.zaddachi","Gammarus zaddachi","invertebrates","non-mobile","run3_invertebrates",3,2.5,2.5,2.75,1637337
"Gastrosaccus.spinifer","Gastrosaccus spinifer","invertebrates","non-mobile","run3_invertebrates",3,2.5,2.5,2.75,256793
"Gattyana.cirrhosa","Gattyana cirrhosa","invertebrates","non-mobile","run3_invertebrates",2,2,2,2,436336
"Glycera.alba","Glycera alba","invertebrates","non-mobile","run3_invertebrates",3,3,3,3,249978
"Glycera.unicornis","Glycera unicornis","invertebrates","non-mobile","run3_invertebrates",2,2.5,2,2.25,196364
"Glycinde.nordmanni","Glycinde nordmanni","invertebrates","non-mobile","run3_invertebrates",2,3,2,2.5,121126
"Golfingia.vulgaris","Golfingia vulgaris","invertebrates","non-mobile","run3_invertebrates",2,3,2,2.5,119541
"Goniada.maculata","Goniada maculata","invertebrates","non-mobile","run3_invertebrates",3,3,3,3,306549
"Halcampa.duodecimcirrata","Halcampa duodecimcirrata","invertebrates","non-mobile","run3_invertebrates",2,2.5,2,2.25,70359
"Halicryptus.spinulosus","Halicryptus spinulosus","invertebrates","non-mobile","run3_invertebrates",3,2.5,2.5,2.75,2609721
"Halisarca.dujardinii","Halisarca dujardinii","invertebrates","non-mobile","run3_invertebrates",2,3,2,2.5,13919
"Harmothoe.imbricata","Harmothoe imbricata","invertebrates","non-mobile","run3_invertebrates",3,3,3,3,252801
"Harpinia.antennaria","Harpinia antennaria","invertebrates","non-mobile","run3_invertebrates",3,3,3,3,37835
"Hediste.diversicolor","Hediste diversicolor","invertebrates","non-mobile","run3_invertebrates",3,2.5,2.5,2.75,1347603
"Hermania.scabra","Hermania scabra","invertebrates","non-mobile","run3_invertebrates",2,3,2,2.5,24215
"Heteromastus.filiformis","Heteromastus filiformis","invertebrates","non-mobile","run3_invertebrates",3,3,3,3,340003
"Heterotanais.oerstedii","Heterotanais oerstedii","invertebrates","non-mobile","run3_invertebrates",3,2,2,2.5,27679
"Hiatella.arctica","Hiatella arctica","invertebrates","non-mobile","run3_invertebrates",3,2.5,2.5,2.75,72149
"Homarus.gammarus","Homarus gammarus","invertebrates","mobile","run3_fish",2,2.5,2,2.25,32849
"Hyas.araneus","Hyas araneus","invertebrates","mobile","run3_fish",2,2,2,2,3652
"Jaera.albifrons","Jaera albifrons","invertebrates","non-mobile","run3_invertebrates",3,2.5,2.5,2.75,1301865
"Kurtiella.bidentata","Kurtiella bidentata","invertebrates","non-mobile","run3_invertebrates",3,3,3,3,459720
"Labidoplax.buskii","Labidoplax buskii","invertebrates","non-mobile","run3_invertebrates",2,2,2,2,49338
"Lanice.conchilega","Lanice conchilega","invertebrates","non-mobile","run3_invertebrates",3,2.5,2.5,2.75,154013
"Laonice.bahusiensis","Laonice bahusiensis","invertebrates","non-mobile","run3_invertebrates",2,2.5,2,2.25,6242
"Laonome.kroyeri","Laonome kroyeri","invertebrates","non-mobile","run3_invertebrates",2,2.5,2,2.25,9981
"Levinsenia.gracilis","Levinsenia gracilis","invertebrates","non-mobile","run3_invertebrates",3,3,3,3,256656
"Limecola.balthica","Limecola balthica","invertebrates","non-mobile","run3_invertebrates",3,3,3,3,3370213
"Lineus.ruber","Lineus ruber","invertebrates","non-mobile","run3_invertebrates",3,2,2,2.5,88746
"Loligo.forbesii","Loligo forbesii","invertebrates","mobile","run3_fish",3,3,3,3,137422
"Lysilla.loveni","Lysilla loveni","invertebrates","non-mobile","run3_invertebrates",2,2.33333333333333,2,2.16666666666667,37129
"Macoma.calcarea","Macoma calcarea","invertebrates","non-mobile","run3_invertebrates",3,2.5,2.5,2.75,139336
"Macropodia.rostrata","Macropodia rostrata","invertebrates","mobile","run3_fish",2,1.5,1.5,1.75,626
"Magelona.alleni","Magelona alleni","invertebrates","non-mobile","run3_invertebrates",3,3,3,3,208555
"Magelona.minuta","Magelona minuta","invertebrates","non-mobile","run3_invertebrates",3,3,3,3,123810
"Malacobdella.grossa","Malacobdella grossa","invertebrates","non-mobile","run3_invertebrates",3,2,2,2.5,46831
"Maldane.sarsi","Maldane sarsi","invertebrates","non-mobile","run3_invertebrates",3,3,3,3,101309
"Marenzelleria","Marenzelleria","invertebrates","non-mobile","run3_invertebrates",3,3,3,3,3960923
"Mediomastus.fragilis","Mediomastus fragilis","invertebrates","non-mobile","run3_invertebrates",3,3,3,3,94854
"Metridium.senile","Metridium senile","invertebrates","non-mobile","run3_invertebrates",2,1.5,1.5,1.75,1525
"Microphthalmus.sczelkowii","Microphthalmus sczelkowii","invertebrates","non-mobile","run3_invertebrates",2,1.5,1.5,1.75,2632
"Micrura.baltica","Micrura baltica","invertebrates","non-mobile","run3_invertebrates",2,1.33333333333333,1.33333333333333,1.66666666666667,717157
"Modiolus.modiolus","Modiolus modiolus","invertebrates","non-mobile","run3_invertebrates",3,3,3,3,52959
"Molgula.manhattensis","Molgula manhattensis","invertebrates","non-mobile","run3_invertebrates",2,2.5,2,2.25,1264
"Monocorophium.insidiosum","Monocorophium insidiosum","invertebrates","non-mobile","run3_invertebrates",2,2,2,2,22643
"Monoporeia.affinis","Monoporeia affinis","invertebrates","non-mobile","run3_invertebrates",3,2,2,2.5,2071578
"Musculus.discors","Musculus discors","invertebrates","non-mobile","run3_invertebrates",2,2,2,2,10909
"Musculus.niger","Musculus niger","invertebrates","non-mobile","run3_invertebrates",3,1.66666666666667,1.66666666666667,2.33333333333333,44035
"Mya.arenaria","Mya arenaria","invertebrates","non-mobile","run3_invertebrates",3,3,3,3,1377896
"Mya.truncata","Mya truncata","invertebrates","non-mobile","run3_invertebrates",3,1.5,1.5,2.25,110426
"Mysia.undata","Mysia undata","invertebrates","non-mobile","run3_invertebrates",2,1.66666666666667,1.66666666666667,1.83333333333333,236570
"Mysis.mixta","Mysis mixta","invertebrates","non-mobile","run3_invertebrates",3,1.5,1.5,2.25,501706
"Mysis.relicta","Mysis relicta","invertebrates","non-mobile","run3_invertebrates",3,2.5,2.5,2.75,1021276
"Mytilus","Mytilus","invertebrates","non-mobile","run3_invertebrates",3,2.33333333333333,2.33333333333333,2.66666666666667,1490848
"Neomysis.integer","Neomysis integer","invertebrates","non-mobile","run3_invertebrates",3,2.5,2.5,2.75,375273
"Nephrops.norvegicus","Nephrops norvegicus","invertebrates","mobile","run3_fish",3,3,3,3,136100
"Nephtys.assimilis","Nephtys assimilis","invertebrates","non-mobile","run3_invertebrates",3,3,3,3,35030
"Nephtys.caeca","Nephtys caeca","invertebrates","non-mobile","run3_invertebrates",3,3,3,3,317432
"Nephtys.ciliata","Nephtys ciliata","invertebrates","non-mobile","run3_invertebrates",3,2.5,2.5,2.75,133018
"Nephtys.longosetosa","Nephtys longosetosa","invertebrates","non-mobile","run3_invertebrates",3,3,3,3,129990
"Nephtys.pente","Nephtys pente","invertebrates","non-mobile","run3_invertebrates",2,2.5,2,2.25,53724
"Nereimyra.punctata","Nereimyra punctata","invertebrates","non-mobile","run3_invertebrates",3,2,2,2.5,141230
"Notomastus.latericeus","Notomastus latericeus","invertebrates","non-mobile","run3_invertebrates",3,3,3,3,190784
"Nucula.nitidosa","Nucula nitidosa","invertebrates","non-mobile","run3_invertebrates",3,3,3,3,272403
"Ophelia.borealis","Ophelia borealis","invertebrates","non-mobile","run3_invertebrates",3,3,3,3,119194
"Ophelia.rathkei","Ophelia rathkei","invertebrates","non-mobile","run3_invertebrates",3,3,3,3,45936
"Ophiura.albida","Ophiura albida","invertebrates","non-mobile","run3_invertebrates",3,2.5,2.5,2.75,127157
"Owenia.fusiformis","Owenia fusiformis","invertebrates","non-mobile","run3_invertebrates",3,3,3,3,142258
"Oxydromus.flexuosus","Oxydromus flexuosus","invertebrates","non-mobile","run3_invertebrates",2,3,2,2.5,143871
"Paradoneis.eliasoni","Paradoneis eliasoni","invertebrates","non-mobile","run3_invertebrates",2,3,2,2.5,86448
"Paramphinome.jeffreysii","Paramphinome jeffreysii","invertebrates","non-mobile","run3_invertebrates",2,2,2,2,3186
"Paraonis.fulgens","Paraonis fulgens","invertebrates","non-mobile","run3_invertebrates",3,2,2,2.5,63148
"Parexogone.hebes","Parexogone hebes","invertebrates","non-mobile","run3_invertebrates",2,2,2,2,101839
"Pariambus.typicus","Pariambus typicus","invertebrates","non-mobile","run3_invertebrates",2,3,2,2.5,91251
"Parvicardium.pinnulatum","Parvicardium pinnulatum","invertebrates","non-mobile","run3_invertebrates",3,3,3,3,257091
"Pectinaria.belgica","Pectinaria belgica","invertebrates","non-mobile","run3_invertebrates",3,3,3,3,75140
"Peringia.ulvae","Peringia ulvae","invertebrates","non-mobile","run3_invertebrates",3,2.5,2.5,2.75,1228380
"Perioculodes.longimanus","Perioculodes longimanus","invertebrates","non-mobile","run3_invertebrates",3,3,3,3,120893
"Phaxas.pellucidus","Phaxas pellucidus","invertebrates","non-mobile","run3_invertebrates",3,3,3,3,287353
"Pherusa.plumosa","Pherusa plumosa","invertebrates","non-mobile","run3_invertebrates",3,2.5,2.5,2.75,81218
"Philine.quadripartita","Philine quadripartita","invertebrates","non-mobile","run3_invertebrates",3,1.5,1.5,2.25,19848
"Pholoe.assimilis","Pholoe assimilis","invertebrates","non-mobile","run3_invertebrates",3,2.66666666666667,2.66666666666667,2.83333333333333,37671
"Pholoe.baltica","Pholoe baltica","invertebrates","non-mobile","run3_invertebrates",3,2.5,2.5,2.75,289990
"Pholoe.inornata","Pholoe inornata","invertebrates","non-mobile","run3_invertebrates",3,2.5,2.5,2.75,88190
"Phoronis.muelleri","Phoronis muelleri","invertebrates","non-mobile","run3_invertebrates",3,2.66666666666667,2.66666666666667,2.83333333333333,279985
"Phoxocephalus.holbolli","Phoxocephalus holbolli","invertebrates","non-mobile","run3_invertebrates",2,2.5,2,2.25,31251
"Phyllodoce.groenlandica","Phyllodoce groenlandica","invertebrates","non-mobile","run3_invertebrates",3,2.5,2.5,2.75,183879
"Phyllodoce.mucosa","Phyllodoce mucosa","invertebrates","non-mobile","run3_invertebrates",3,2.5,2.5,2.75,274446
"Phyllodoce.rosea","Phyllodoce rosea","invertebrates","non-mobile","run3_invertebrates",2,2,2,2,243613
"Pisione.remota","Pisione remota","invertebrates","non-mobile","run3_invertebrates",2,1.33333333333333,1.33333333333333,1.66666666666667,62000
"Platynereis.dumerilii","Platynereis dumerilii","invertebrates","non-mobile","run3_invertebrates",3,2,2,2.5,37398
"Poecilochaetus.serpens","Poecilochaetus serpens","invertebrates","non-mobile","run3_invertebrates",3,2.5,2.5,2.75,157713
"Polycirrus.medusa","Polycirrus medusa","invertebrates","non-mobile","run3_invertebrates",3,2.5,2.5,2.75,118752
"Polycirrus.norvegicus","Polycirrus norvegicus","invertebrates","non-mobile","run3_invertebrates",2,1.5,1.5,1.75,143818
"Polycirrus.plumosus","Polycirrus plumosus","invertebrates","non-mobile","run3_invertebrates",2,2,2,2,17486
"Polydora.cornuta","Polydora cornuta","invertebrates","non-mobile","run3_invertebrates",3,2,2,2.5,117764
"Polyphysia.crassa","Polyphysia crassa","invertebrates","non-mobile","run3_invertebrates",2,2,2,2,24431
"Pontoporeia.femorata","Pontoporeia femorata","invertebrates","non-mobile","run3_invertebrates",3,3,3,3,2013948
"Praxillella.praetermissa","Praxillella praetermissa","invertebrates","non-mobile","run3_invertebrates",3,3,3,3,165547
"Priapulus.caudatus","Priapulus caudatus","invertebrates","non-mobile","run3_invertebrates",3,2.5,2.5,2.75,624839
"Prionospio.fallax","Prionospio fallax","invertebrates","non-mobile","run3_invertebrates",3,3,3,3,283017
"Prionospio.multibranchiat","Prionospio multibranchiat","invertebrates","non-mobile","run3_invertebrates",3,3,3,3,77855
"Protomedeia.fasciata","Protomedeia fasciata","invertebrates","non-mobile","run3_invertebrates",3,3,3,3,61743
"Psammechinus.miliaris","Psammechinus miliaris","invertebrates","non-mobile","run3_invertebrates",2,2.5,2,2.25,33857
"Pusillina.inconspicua","Pusillina inconspicua","invertebrates","non-mobile","run3_invertebrates",2,2,2,2,2549
"Pygospio.elegans","Pygospio elegans","invertebrates","non-mobile","run3_invertebrates",3,3,3,3,2066403
"Rhodine.gracilior","Rhodine gracilior","invertebrates","non-mobile","run3_invertebrates",3,3,3,3,157834
"Rhodine.loveni","Rhodine loveni","invertebrates","non-mobile","run3_invertebrates",3,3,3,3,49299
"Saduria.entomon","Saduria entomon","invertebrates","non-mobile","run3_invertebrates",3,2.33333333333333,2.33333333333333,2.66666666666667,2201049
"Scalibregma.inflatum","Scalibregma inflatum","invertebrates","non-mobile","run3_invertebrates",3,3,3,3,331505
"Scoloplos.armiger","Scoloplos armiger","invertebrates","non-mobile","run3_invertebrates",3,2.5,2.5,2.75,589625
"Scrobicularia.plana","Scrobicularia plana","invertebrates","non-mobile","run3_invertebrates",3,1.5,1.5,2.25,30381
"Sertularia.cupressina","Sertularia cupressina","invertebrates","non-mobile","run3_invertebrates",2,2.5,2,2.25,24480
"Sphaerodorum.gracilis","Sphaerodorum gracilis","invertebrates","non-mobile","run3_invertebrates",2,2.5,2,2.25,52280
"Spio.filicornis","Spio filicornis","invertebrates","non-mobile","run3_invertebrates",3,2,2,2.5,218793
"Spio.goniocephala","Spio goniocephala","invertebrates","non-mobile","run3_invertebrates",3,2.5,2.5,2.75,88785
"Spiophanes.bombyx","Spiophanes bombyx","invertebrates","non-mobile","run3_invertebrates",3,3,3,3,150126
"Spirorbis.corallinae","Spirorbis corallinae","invertebrates","non-mobile","run3_invertebrates",2,1.5,1.5,1.75,35357
"Spisula.subtruncata","Spisula subtruncata","invertebrates","non-mobile","run3_invertebrates",3,3,3,3,98011
"Streblospio.shrubsolii","Streblospio shrubsolii","invertebrates","non-mobile","run3_invertebrates",3,2,2,2.5,310126
"Tanaissus.lilljeborgi","Tanaissus lilljeborgi","invertebrates","non-mobile","run3_invertebrates",3,1.5,1.5,2.25,83432
"Tellimya.ferruginosa","Tellimya ferruginosa","invertebrates","non-mobile","run3_invertebrates",3,2.5,2.5,2.75,164624
"Terebellides.stroemii","Terebellides stroemii","invertebrates","non-mobile","run3_invertebrates",3,2,2,2.5,545516
"Theodoxus.fluviatilis","Theodoxus fluviatilis","invertebrates","non-mobile","run3_invertebrates",3,3,3,3,592055
"Thracia.phaseolina","Thracia phaseolina","invertebrates","non-mobile","run3_invertebrates",3,3,3,3,215099
"Thyasira.flexuosa","Thyasira flexuosa","invertebrates","non-mobile","run3_invertebrates",3,2,2,2.5,252154
"Trichobranchus.roseus","Trichobranchus roseus","invertebrates","non-mobile","run3_invertebrates",3,3,3,3,134162
"Trochochaeta.multisetosa","Trochochaeta multisetosa","invertebrates","non-mobile","run3_invertebrates",3,3,3,3,246950
"Tubificoides.benedii","Tubificoides benedii","invertebrates","non-mobile","run3_invertebrates",3,2,2,2.5,400222
"Tubificoides.pseudogaster","Tubificoides pseudogaster","invertebrates","non-mobile","run3_invertebrates",2,1.5,1.5,1.75,34808
"Tubulanus.polymorphus","Tubulanus polymorphus","invertebrates","non-mobile","run3_invertebrates",3,3,3,3,179057
"Turritella.communis","Turritella communis","invertebrates","non-mobile","run3_invertebrates",3,3,3,3,193362
"Upogebia.deltaura","Upogebia deltaura","invertebrates","non-mobile","run3_invertebrates",2,2.5,2,2.25,17815
"Virgularia.mirabilis","Virgularia mirabilis","invertebrates","non-mobile","run3_invertebrates",3,3,3,3,79158
"Westwoodilla.caecula","Westwoodilla caecula","invertebrates","non-mobile","run3_invertebrates",3,2,2,2.5,102319
"Acrocephalus.arundinaceus","Acrocephalus arundinaceus","birds","mobile",NA,NA,NA,NA,NA,121743
"Acrocephalus.scirpaceus","Acrocephalus scirpaceus","birds","mobile",NA,NA,NA,NA,NA,501501
"Actitis.hypoleucos","Actitis hypoleucos","birds","mobile",NA,NA,NA,NA,NA,738993
"Alauda.arvensis","Alauda arvensis","birds","mobile",NA,NA,NA,NA,NA,1432205
"Alca.torda","Alca torda","birds","mobile",NA,NA,NA,NA,NA,5584833
"Alle.alle","Alle alle","birds","mobile",NA,NA,NA,NA,NA,0
"Anas.acuta","Anas acuta","birds","mobile",NA,NA,NA,NA,NA,679344
"Anas.crecca","Anas crecca","birds","mobile",NA,NA,NA,NA,NA,785019
"Anas.platyrhynchos","Anas platyrhynchos","birds","mobile",NA,NA,NA,NA,NA,1329492
"Anser.albifrons","Anser albifrons","birds","mobile",NA,NA,NA,NA,NA,162212
"Anser.anser","Anser anser","birds","mobile",NA,NA,NA,NA,NA,1225063
"Anser.brachyrhynchus","Anser brachyrhynchus","birds","mobile",NA,NA,NA,NA,NA,0
"Anthus.petrosus","Anthus petrosus","birds","mobile",NA,NA,NA,NA,NA,738802
"Anthus.pratensis","Anthus pratensis","birds","mobile",NA,NA,NA,NA,NA,1354852
"Arenaria.interpres","Arenaria interpres","birds","mobile",NA,NA,NA,NA,NA,784419
"Aythya.ferina","Aythya ferina","birds","mobile",NA,NA,NA,NA,NA,160942
"Aythya.fuligula","Aythya fuligula","birds","mobile",NA,NA,NA,NA,NA,952448
"Aythya.marila","Aythya marila","birds","mobile",NA,NA,NA,NA,NA,493359
"Branta.canadensis","Branta canadensis","birds","mobile",NA,NA,NA,NA,NA,586385
"Branta.leucopsis","Branta leucopsis","birds","mobile",NA,NA,NA,NA,NA,698202
"Bucephala.clangula","Bucephala clangula","birds","mobile",NA,NA,NA,NA,NA,1119817
"Calidris.alpina","Calidris alpina","birds","mobile",NA,NA,NA,NA,NA,1288845
"Calidris.maritima","Calidris maritima","birds","mobile",NA,NA,NA,NA,NA,0
"Calidris.temminckii","Calidris temminckii","birds","mobile",NA,NA,NA,NA,NA,9333
"Cepphus.grylle","Cepphus grylle","birds","mobile",NA,NA,NA,NA,NA,3718624
"Charadrius.hiaticula","Charadrius hiaticula","birds","mobile",NA,NA,NA,NA,NA,1312142
"Chlidonias.niger","Chlidonias niger","birds","mobile",NA,NA,NA,NA,NA,1226216
"Clangula.hyemalis","Clangula hyemalis","birds","mobile",NA,NA,NA,NA,NA,369289
"Cuculus.canorus","Cuculus canorus","birds","mobile",NA,NA,NA,NA,NA,758579
"Cygnus.columbianus","Cygnus columbianus","birds","mobile",NA,NA,NA,NA,NA,0
"Cygnus.cygnus","Cygnus cygnus","birds","mobile",NA,NA,NA,NA,NA,408074
"Cygnus.olor","Cygnus olor","birds","mobile",NA,NA,NA,NA,NA,1396076
"Eremophila.alpestris","Eremophila alpestris","birds","mobile",NA,NA,NA,NA,NA,0
"Falco.peregrinus","Falco peregrinus","birds","mobile",NA,NA,NA,NA,NA,334409
"Fulica.atra","Fulica atra","birds","mobile",NA,NA,NA,NA,NA,180880
"Gallinago.gallinago","Gallinago gallinago","birds","mobile",NA,NA,NA,NA,NA,287199
"Gavia.adamsii","Gavia adamsii","birds","mobile",NA,NA,NA,NA,NA,0
"Gavia.arctica","Gavia arctica","birds","mobile",NA,NA,NA,NA,NA,641812
"Gavia.immer","Gavia immer","birds","mobile",NA,NA,NA,NA,NA,0
"Gavia.stellata","Gavia stellata","birds","mobile",NA,NA,NA,NA,NA,844849
"Gelochelidon.nilotica","Gelochelidon nilotica","birds","mobile",NA,NA,NA,NA,NA,0
"Grus.grus","Grus grus","birds","mobile",NA,NA,NA,NA,NA,506681
"Haematopus.ostralegus","Haematopus ostralegus","birds","mobile",NA,NA,NA,NA,NA,1296216
"Hydrocoloeus.minutus","Hydrocoloeus minutus","birds","mobile",NA,NA,NA,NA,NA,1063868
"Hydroprogne.caspia","Hydroprogne caspia","birds","mobile",NA,NA,NA,NA,NA,1064993
"Larus.canus","Larus canus","birds","mobile",NA,NA,NA,NA,NA,1686902
"Larus.fuscus","Larus fuscus","birds","mobile",NA,NA,NA,NA,NA,1566902
"Larus.marinus","Larus marinus","birds","mobile",NA,NA,NA,NA,NA,1662586
"Locustella.luscinioides","Locustella luscinioides","birds","mobile",NA,NA,NA,NA,NA,150634
"Melanitta.nigra","Melanitta nigra","birds","mobile",NA,NA,NA,NA,NA,1581120
"Mergus.merganser","Mergus merganser","birds","mobile",NA,NA,NA,NA,NA,1400119
"Mergus.serrator","Mergus serrator","birds","mobile",NA,NA,NA,NA,NA,1353951
"Motacilla.alba","Motacilla alba","birds","mobile",NA,NA,NA,NA,NA,1606054
"Numenius.arquata","Numenius arquata","birds","mobile",NA,NA,NA,NA,NA,841755
"Oenanthe.oenanthe","Oenanthe oenanthe","birds","mobile",NA,NA,NA,NA,NA,1080359
"Pandion.haliaetus","Pandion haliaetus","birds","mobile",NA,NA,NA,NA,NA,186080
"Phalacrocorax.carbo","Phalacrocorax carbo","birds","mobile",NA,NA,NA,NA,NA,1688829
"Plectrophenax.nivalis","Plectrophenax nivalis","birds","mobile",NA,NA,NA,NA,NA,0
"Podiceps.auritus","Podiceps auritus","birds","mobile",NA,NA,NA,NA,NA,543929
"Podiceps.cristatus","Podiceps cristatus","birds","mobile",NA,NA,NA,NA,NA,631284
"Podiceps.grisegena","Podiceps grisegena","birds","mobile",NA,NA,NA,NA,NA,381295
"Recurvirostra.avosetta","Recurvirostra avosetta","birds","mobile",NA,NA,NA,NA,NA,323863
"Riparia.riparia","Riparia riparia","birds","mobile",NA,NA,NA,NA,NA,443236
"Rissa.tridactyla","Rissa tridactyla","birds","mobile",NA,NA,NA,NA,NA,300044
"Somateria.mollissima","Somateria mollissima","birds","mobile",NA,NA,NA,NA,NA,1495857
"Somateria.spectabilis","Somateria spectabilis","birds","mobile",NA,NA,NA,NA,NA,0
"Stercorarius.parasiticus","Stercorarius parasiticus","birds","mobile",NA,NA,NA,NA,NA,3029504
"Sterna.hirundo","Sterna hirundo","birds","mobile",NA,NA,NA,NA,NA,2798773
"Sterna.paradisaea","Sterna paradisaea","birds","mobile",NA,NA,NA,NA,NA,6576346
"Sternula.albifrons","Sternula albifrons","birds","mobile",NA,NA,NA,NA,NA,712995
"Tachybaptus.ruficollis","Tachybaptus ruficollis","birds","mobile",NA,NA,NA,NA,NA,112851
"Tringa.totanus","Tringa totanus","birds","mobile",NA,NA,NA,NA,NA,1162807
"Uria.aalge","Uria aalge","birds","mobile",NA,NA,NA,NA,NA,2976948
"Vanellus.vanellus","Vanellus vanellus","birds","mobile",NA,NA,NA,NA,NA,653684
"Xenus.cinereus","Xenus cinereus","birds","mobile",NA,NA,NA,NA,NA,0
"Halichoerus.grypus","Halichoerus grypus","mammals","mobile",NA,NA,NA,NA,NA,3438121
"Phoca.vitulina","Phoca vitulina","mammals","mobile",NA,NA,NA,NA,NA,1867490
"Phocoena.phocoena","Phocoena phocoena","mammals","mobile",NA,NA,NA,NA,NA,2590815
"Pusa.hispida","Pusa hispida","mammals","mobile",NA,NA,NA,NA,NA,3167619
