"cluster_1","cluster_2","n_species_1","n_species_2","n_shared","pct_of_cluster_1","pct_of_cluster_2","total_pct"
"Zone2_D","Zone3_E",9,7,5,55.6,71.4,45.5
"Zone2_E","Zone3_B",28,15,13,46.4,86.7,43.3
"Zone2_C","Zone3_A",22,39,17,77.3,43.6,38.6
"Zone2_E","Zone3_D",28,27,15,53.6,55.6,37.5
"Zone3_F","Zone4_F",38,17,14,36.8,82.4,34.1
"Zone1_C","Zone2_A",14,32,11,78.6,34.4,31.4
"Zone3_F","Zone4_E",38,26,14,36.8,53.8,28
"Zone3_C","Zone4_D",22,30,11,50,36.7,26.8
"Zone1_B","Zone2_C",7,22,6,85.7,27.3,26.1
"Zone3_C","Zone4_I",22,24,9,40.9,37.5,24.3
"Zone3_A","Zone4_C",39,21,10,25.6,47.6,20
"Zone2_C","Zone4_D",22,30,7,31.8,23.3,15.6
"Zone1_D","Zone2_A",28,32,8,28.6,25,15.4
"Zone1_B","Zone3_A",7,39,6,85.7,15.4,15
"Zone1_C","Zone2_B",14,11,3,21.4,27.3,13.6
"Zone1_A","Zone2_A",20,32,6,30,18.8,13
"Zone1_D","Zone2_B",28,11,4,14.3,36.4,11.4
"Zone3_A","Zone4_D",39,30,7,17.9,23.3,11.3
"Zone2_A","Zone3_A",32,39,7,21.9,17.9,10.9
"Zone3_D","Zone4_I",27,24,4,14.8,16.7,8.5
"Zone1_A","Zone2_C",20,22,3,15,13.6,7.7
"Zone3_D","Zone4_D",27,30,4,14.8,13.3,7.5
"Zone1_A","Zone2_D",20,9,2,10,22.2,7.4
"Zone3_B","Zone4_D",15,30,3,20,10,7.1
"Zone1_A","Zone2_E",20,28,3,15,10.7,6.7
"Zone1_D","Zone3_A",28,39,4,14.3,10.3,6.3
"Zone3_F","Zone4_H",38,32,4,10.5,12.5,6.1
"Zone2_A","Zone4_C",32,21,3,9.4,14.3,6
"Zone2_D","Zone3_D",9,27,2,22.2,7.4,5.9
"Zone1_B","Zone4_D",7,30,2,28.6,6.7,5.7
"Zone2_C","Zone3_B",22,15,2,9.1,13.3,5.7
"Zone1_E","Zone2_A",10,32,2,20,6.2,5
"Zone1_A","Zone3_D",20,27,2,10,7.4,4.4
"Zone1_D","Zone4_C",28,21,2,7.1,9.5,4.3
"Zone2_B","Zone3_A",11,39,2,18.2,5.1,4.2
"Zone2_E","Zone4_I",28,24,2,7.1,8.3,4
"Zone1_C","Zone3_A",14,39,2,14.3,5.1,3.9
"Zone3_F","Zone4_K",38,41,3,7.9,7.3,3.9
"Zone1_A","Zone3_E",20,7,1,5,14.3,3.8
"Zone2_E","Zone4_D",28,30,2,7.1,6.7,3.6
"Zone1_A","Zone2_B",20,11,1,5,9.1,3.3
"Zone3_F","Zone4_I",38,24,2,5.3,8.3,3.3
"Zone3_B","Zone4_A",15,16,1,6.7,6.2,3.3
"Zone1_C","Zone4_C",14,21,1,7.1,4.8,2.9
"Zone1_A","Zone3_B",20,15,1,5,6.7,2.9
"Zone3_C","Zone4_A",22,16,1,4.5,6.2,2.7
"Zone1_B","Zone2_A",7,32,1,14.3,3.1,2.6
"Zone3_C","Zone4_F",22,17,1,4.5,5.9,2.6
"Zone3_B","Zone4_I",15,24,1,6.7,4.2,2.6
"Zone2_C","Zone4_C",22,21,1,4.5,4.8,2.4
"Zone2_E","Zone4_A",28,16,1,3.6,6.2,2.3
"Zone3_B","Zone4_H",15,32,1,6.7,3.1,2.2
"Zone2_A","Zone4_F",32,17,1,3.1,5.9,2.1
"Zone1_D","Zone2_C",28,22,1,3.6,4.5,2
"Zone2_C","Zone4_H",22,32,1,4.5,3.1,1.9
"Zone3_A","Zone4_A",39,16,1,2.6,6.2,1.9
"Zone3_A","Zone4_F",39,17,1,2.6,5.9,1.8
"Zone1_A","Zone3_A",20,39,1,5,2.6,1.7
"Zone2_E","Zone4_H",28,32,1,3.6,3.1,1.7
"Zone2_C","Zone3_F",22,38,1,4.5,2.6,1.7
"Zone3_F","Zone4_J",38,21,1,2.6,4.8,1.7
"Zone3_D","Zone4_H",27,32,1,3.7,3.1,1.7
"Zone3_A","Zone4_I",39,24,1,2.6,4.2,1.6
"Zone1_E","Zone1_D",10,28,0,0,0,0
"Zone1_E","Zone1_C",10,14,0,0,0,0
"Zone1_E","Zone1_B",10,7,0,0,0,0
"Zone1_E","Zone1_A",10,20,0,0,0,0
"Zone1_E","Zone2_E",10,28,0,0,0,0
"Zone1_E","Zone2_D",10,9,0,0,0,0
"Zone1_E","Zone2_C",10,22,0,0,0,0
"Zone1_E","Zone2_B",10,11,0,0,0,0
"Zone1_E","Zone3_F",10,38,0,0,0,0
"Zone1_E","Zone3_E",10,7,0,0,0,0
"Zone1_E","Zone3_D",10,27,0,0,0,0
"Zone1_E","Zone3_C",10,22,0,0,0,0
"Zone1_E","Zone3_B",10,15,0,0,0,0
"Zone1_E","Zone3_A",10,39,0,0,0,0
"Zone1_E","Zone4_K",10,41,0,0,0,0
"Zone1_E","Zone4_J",10,21,0,0,0,0
"Zone1_E","Zone4_I",10,24,0,0,0,0
"Zone1_E","Zone4_H",10,32,0,0,0,0
"Zone1_E","Zone4_G",10,28,0,0,0,0
"Zone1_E","Zone4_F",10,17,0,0,0,0
"Zone1_E","Zone4_E",10,26,0,0,0,0
"Zone1_E","Zone4_D",10,30,0,0,0,0
"Zone1_E","Zone4_C",10,21,0,0,0,0
"Zone1_E","Zone4_B",10,6,0,0,0,0
"Zone1_E","Zone4_A",10,16,0,0,0,0
"Zone1_D","Zone1_C",28,14,0,0,0,0
"Zone1_D","Zone1_B",28,7,0,0,0,0
"Zone1_D","Zone1_A",28,20,0,0,0,0
"Zone1_D","Zone2_E",28,28,0,0,0,0
"Zone1_D","Zone2_D",28,9,0,0,0,0
"Zone1_D","Zone3_F",28,38,0,0,0,0
"Zone1_D","Zone3_E",28,7,0,0,0,0
"Zone1_D","Zone3_D",28,27,0,0,0,0
"Zone1_D","Zone3_C",28,22,0,0,0,0
"Zone1_D","Zone3_B",28,15,0,0,0,0
"Zone1_D","Zone4_K",28,41,0,0,0,0
"Zone1_D","Zone4_J",28,21,0,0,0,0
"Zone1_D","Zone4_I",28,24,0,0,0,0
"Zone1_D","Zone4_H",28,32,0,0,0,0
"Zone1_D","Zone4_G",28,28,0,0,0,0
"Zone1_D","Zone4_F",28,17,0,0,0,0
"Zone1_D","Zone4_E",28,26,0,0,0,0
"Zone1_D","Zone4_D",28,30,0,0,0,0
"Zone1_D","Zone4_B",28,6,0,0,0,0
"Zone1_D","Zone4_A",28,16,0,0,0,0
"Zone1_C","Zone1_B",14,7,0,0,0,0
"Zone1_C","Zone1_A",14,20,0,0,0,0
"Zone1_C","Zone2_E",14,28,0,0,0,0
"Zone1_C","Zone2_D",14,9,0,0,0,0
"Zone1_C","Zone2_C",14,22,0,0,0,0
"Zone1_C","Zone3_F",14,38,0,0,0,0
"Zone1_C","Zone3_E",14,7,0,0,0,0
"Zone1_C","Zone3_D",14,27,0,0,0,0
"Zone1_C","Zone3_C",14,22,0,0,0,0
"Zone1_C","Zone3_B",14,15,0,0,0,0
"Zone1_C","Zone4_K",14,41,0,0,0,0
"Zone1_C","Zone4_J",14,21,0,0,0,0
"Zone1_C","Zone4_I",14,24,0,0,0,0
"Zone1_C","Zone4_H",14,32,0,0,0,0
"Zone1_C","Zone4_G",14,28,0,0,0,0
"Zone1_C","Zone4_F",14,17,0,0,0,0
"Zone1_C","Zone4_E",14,26,0,0,0,0
"Zone1_C","Zone4_D",14,30,0,0,0,0
"Zone1_C","Zone4_B",14,6,0,0,0,0
"Zone1_C","Zone4_A",14,16,0,0,0,0
"Zone1_B","Zone1_A",7,20,0,0,0,0
"Zone1_B","Zone2_E",7,28,0,0,0,0
"Zone1_B","Zone2_D",7,9,0,0,0,0
"Zone1_B","Zone2_B",7,11,0,0,0,0
"Zone1_B","Zone3_F",7,38,0,0,0,0
"Zone1_B","Zone3_E",7,7,0,0,0,0
"Zone1_B","Zone3_D",7,27,0,0,0,0
"Zone1_B","Zone3_C",7,22,0,0,0,0
"Zone1_B","Zone3_B",7,15,0,0,0,0
"Zone1_B","Zone4_K",7,41,0,0,0,0
"Zone1_B","Zone4_J",7,21,0,0,0,0
"Zone1_B","Zone4_I",7,24,0,0,0,0
"Zone1_B","Zone4_H",7,32,0,0,0,0
"Zone1_B","Zone4_G",7,28,0,0,0,0
"Zone1_B","Zone4_F",7,17,0,0,0,0
"Zone1_B","Zone4_E",7,26,0,0,0,0
"Zone1_B","Zone4_C",7,21,0,0,0,0
"Zone1_B","Zone4_B",7,6,0,0,0,0
"Zone1_B","Zone4_A",7,16,0,0,0,0
"Zone1_A","Zone3_F",20,38,0,0,0,0
"Zone1_A","Zone3_C",20,22,0,0,0,0
"Zone1_A","Zone4_K",20,41,0,0,0,0
"Zone1_A","Zone4_J",20,21,0,0,0,0
"Zone1_A","Zone4_I",20,24,0,0,0,0
"Zone1_A","Zone4_H",20,32,0,0,0,0
"Zone1_A","Zone4_G",20,28,0,0,0,0
"Zone1_A","Zone4_F",20,17,0,0,0,0
"Zone1_A","Zone4_E",20,26,0,0,0,0
"Zone1_A","Zone4_D",20,30,0,0,0,0
"Zone1_A","Zone4_C",20,21,0,0,0,0
"Zone1_A","Zone4_B",20,6,0,0,0,0
"Zone1_A","Zone4_A",20,16,0,0,0,0
"Zone2_E","Zone2_D",28,9,0,0,0,0
"Zone2_E","Zone2_C",28,22,0,0,0,0
"Zone2_E","Zone2_B",28,11,0,0,0,0
"Zone2_E","Zone2_A",28,32,0,0,0,0
"Zone2_E","Zone3_F",28,38,0,0,0,0
"Zone2_E","Zone3_E",28,7,0,0,0,0
"Zone2_E","Zone3_C",28,22,0,0,0,0
"Zone2_E","Zone3_A",28,39,0,0,0,0
"Zone2_E","Zone4_K",28,41,0,0,0,0
"Zone2_E","Zone4_J",28,21,0,0,0,0
"Zone2_E","Zone4_G",28,28,0,0,0,0
"Zone2_E","Zone4_F",28,17,0,0,0,0
"Zone2_E","Zone4_E",28,26,0,0,0,0
"Zone2_E","Zone4_C",28,21,0,0,0,0
"Zone2_E","Zone4_B",28,6,0,0,0,0
"Zone2_D","Zone2_C",9,22,0,0,0,0
"Zone2_D","Zone2_B",9,11,0,0,0,0
"Zone2_D","Zone2_A",9,32,0,0,0,0
"Zone2_D","Zone3_F",9,38,0,0,0,0
"Zone2_D","Zone3_C",9,22,0,0,0,0
"Zone2_D","Zone3_B",9,15,0,0,0,0
"Zone2_D","Zone3_A",9,39,0,0,0,0
"Zone2_D","Zone4_K",9,41,0,0,0,0
"Zone2_D","Zone4_J",9,21,0,0,0,0
"Zone2_D","Zone4_I",9,24,0,0,0,0
"Zone2_D","Zone4_H",9,32,0,0,0,0
"Zone2_D","Zone4_G",9,28,0,0,0,0
"Zone2_D","Zone4_F",9,17,0,0,0,0
"Zone2_D","Zone4_E",9,26,0,0,0,0
"Zone2_D","Zone4_D",9,30,0,0,0,0
"Zone2_D","Zone4_C",9,21,0,0,0,0
"Zone2_D","Zone4_B",9,6,0,0,0,0
"Zone2_D","Zone4_A",9,16,0,0,0,0
"Zone2_C","Zone2_B",22,11,0,0,0,0
"Zone2_C","Zone2_A",22,32,0,0,0,0
"Zone2_C","Zone3_E",22,7,0,0,0,0
"Zone2_C","Zone3_D",22,27,0,0,0,0
"Zone2_C","Zone3_C",22,22,0,0,0,0
"Zone2_C","Zone4_K",22,41,0,0,0,0
"Zone2_C","Zone4_J",22,21,0,0,0,0
"Zone2_C","Zone4_I",22,24,0,0,0,0
"Zone2_C","Zone4_G",22,28,0,0,0,0
"Zone2_C","Zone4_F",22,17,0,0,0,0
"Zone2_C","Zone4_E",22,26,0,0,0,0
"Zone2_C","Zone4_B",22,6,0,0,0,0
"Zone2_C","Zone4_A",22,16,0,0,0,0
"Zone2_B","Zone2_A",11,32,0,0,0,0
"Zone2_B","Zone3_F",11,38,0,0,0,0
"Zone2_B","Zone3_E",11,7,0,0,0,0
"Zone2_B","Zone3_D",11,27,0,0,0,0
"Zone2_B","Zone3_C",11,22,0,0,0,0
"Zone2_B","Zone3_B",11,15,0,0,0,0
"Zone2_B","Zone4_K",11,41,0,0,0,0
"Zone2_B","Zone4_J",11,21,0,0,0,0
"Zone2_B","Zone4_I",11,24,0,0,0,0
"Zone2_B","Zone4_H",11,32,0,0,0,0
"Zone2_B","Zone4_G",11,28,0,0,0,0
"Zone2_B","Zone4_F",11,17,0,0,0,0
"Zone2_B","Zone4_E",11,26,0,0,0,0
"Zone2_B","Zone4_D",11,30,0,0,0,0
"Zone2_B","Zone4_C",11,21,0,0,0,0
"Zone2_B","Zone4_B",11,6,0,0,0,0
"Zone2_B","Zone4_A",11,16,0,0,0,0
"Zone2_A","Zone3_F",32,38,0,0,0,0
"Zone2_A","Zone3_E",32,7,0,0,0,0
"Zone2_A","Zone3_D",32,27,0,0,0,0
"Zone2_A","Zone3_C",32,22,0,0,0,0
"Zone2_A","Zone3_B",32,15,0,0,0,0
"Zone2_A","Zone4_K",32,41,0,0,0,0
"Zone2_A","Zone4_J",32,21,0,0,0,0
"Zone2_A","Zone4_I",32,24,0,0,0,0
"Zone2_A","Zone4_H",32,32,0,0,0,0
"Zone2_A","Zone4_G",32,28,0,0,0,0
"Zone2_A","Zone4_E",32,26,0,0,0,0
"Zone2_A","Zone4_D",32,30,0,0,0,0
"Zone2_A","Zone4_B",32,6,0,0,0,0
"Zone2_A","Zone4_A",32,16,0,0,0,0
"Zone3_F","Zone3_E",38,7,0,0,0,0
"Zone3_F","Zone3_D",38,27,0,0,0,0
"Zone3_F","Zone3_C",38,22,0,0,0,0
"Zone3_F","Zone3_B",38,15,0,0,0,0
"Zone3_F","Zone3_A",38,39,0,0,0,0
"Zone3_F","Zone4_G",38,28,0,0,0,0
"Zone3_F","Zone4_D",38,30,0,0,0,0
"Zone3_F","Zone4_C",38,21,0,0,0,0
"Zone3_F","Zone4_B",38,6,0,0,0,0
"Zone3_F","Zone4_A",38,16,0,0,0,0
"Zone3_E","Zone3_D",7,27,0,0,0,0
"Zone3_E","Zone3_C",7,22,0,0,0,0
"Zone3_E","Zone3_B",7,15,0,0,0,0
"Zone3_E","Zone3_A",7,39,0,0,0,0
"Zone3_E","Zone4_K",7,41,0,0,0,0
"Zone3_E","Zone4_J",7,21,0,0,0,0
"Zone3_E","Zone4_I",7,24,0,0,0,0
"Zone3_E","Zone4_H",7,32,0,0,0,0
"Zone3_E","Zone4_G",7,28,0,0,0,0
"Zone3_E","Zone4_F",7,17,0,0,0,0
"Zone3_E","Zone4_E",7,26,0,0,0,0
"Zone3_E","Zone4_D",7,30,0,0,0,0
"Zone3_E","Zone4_C",7,21,0,0,0,0
"Zone3_E","Zone4_B",7,6,0,0,0,0
"Zone3_E","Zone4_A",7,16,0,0,0,0
"Zone3_D","Zone3_C",27,22,0,0,0,0
"Zone3_D","Zone3_B",27,15,0,0,0,0
"Zone3_D","Zone3_A",27,39,0,0,0,0
"Zone3_D","Zone4_K",27,41,0,0,0,0
"Zone3_D","Zone4_J",27,21,0,0,0,0
"Zone3_D","Zone4_G",27,28,0,0,0,0
"Zone3_D","Zone4_F",27,17,0,0,0,0
"Zone3_D","Zone4_E",27,26,0,0,0,0
"Zone3_D","Zone4_C",27,21,0,0,0,0
"Zone3_D","Zone4_B",27,6,0,0,0,0
"Zone3_D","Zone4_A",27,16,0,0,0,0
"Zone3_C","Zone3_B",22,15,0,0,0,0
"Zone3_C","Zone3_A",22,39,0,0,0,0
"Zone3_C","Zone4_K",22,41,0,0,0,0
"Zone3_C","Zone4_J",22,21,0,0,0,0
"Zone3_C","Zone4_H",22,32,0,0,0,0
"Zone3_C","Zone4_G",22,28,0,0,0,0
"Zone3_C","Zone4_E",22,26,0,0,0,0
"Zone3_C","Zone4_C",22,21,0,0,0,0
"Zone3_C","Zone4_B",22,6,0,0,0,0
"Zone3_B","Zone3_A",15,39,0,0,0,0
"Zone3_B","Zone4_K",15,41,0,0,0,0
"Zone3_B","Zone4_J",15,21,0,0,0,0
"Zone3_B","Zone4_G",15,28,0,0,0,0
"Zone3_B","Zone4_F",15,17,0,0,0,0
"Zone3_B","Zone4_E",15,26,0,0,0,0
"Zone3_B","Zone4_C",15,21,0,0,0,0
"Zone3_B","Zone4_B",15,6,0,0,0,0
"Zone3_A","Zone4_K",39,41,0,0,0,0
"Zone3_A","Zone4_J",39,21,0,0,0,0
"Zone3_A","Zone4_H",39,32,0,0,0,0
"Zone3_A","Zone4_G",39,28,0,0,0,0
"Zone3_A","Zone4_E",39,26,0,0,0,0
"Zone3_A","Zone4_B",39,6,0,0,0,0
"Zone4_K","Zone4_J",41,21,0,0,0,0
"Zone4_K","Zone4_I",41,24,0,0,0,0
"Zone4_K","Zone4_H",41,32,0,0,0,0
"Zone4_K","Zone4_G",41,28,0,0,0,0
"Zone4_K","Zone4_F",41,17,0,0,0,0
"Zone4_K","Zone4_E",41,26,0,0,0,0
"Zone4_K","Zone4_D",41,30,0,0,0,0
"Zone4_K","Zone4_C",41,21,0,0,0,0
"Zone4_K","Zone4_B",41,6,0,0,0,0
"Zone4_K","Zone4_A",41,16,0,0,0,0
"Zone4_J","Zone4_I",21,24,0,0,0,0
"Zone4_J","Zone4_H",21,32,0,0,0,0
"Zone4_J","Zone4_G",21,28,0,0,0,0
"Zone4_J","Zone4_F",21,17,0,0,0,0
"Zone4_J","Zone4_E",21,26,0,0,0,0
"Zone4_J","Zone4_D",21,30,0,0,0,0
"Zone4_J","Zone4_C",21,21,0,0,0,0
"Zone4_J","Zone4_B",21,6,0,0,0,0
"Zone4_J","Zone4_A",21,16,0,0,0,0
"Zone4_I","Zone4_H",24,32,0,0,0,0
"Zone4_I","Zone4_G",24,28,0,0,0,0
"Zone4_I","Zone4_F",24,17,0,0,0,0
"Zone4_I","Zone4_E",24,26,0,0,0,0
"Zone4_I","Zone4_D",24,30,0,0,0,0
"Zone4_I","Zone4_C",24,21,0,0,0,0
"Zone4_I","Zone4_B",24,6,0,0,0,0
"Zone4_I","Zone4_A",24,16,0,0,0,0
"Zone4_H","Zone4_G",32,28,0,0,0,0
"Zone4_H","Zone4_F",32,17,0,0,0,0
"Zone4_H","Zone4_E",32,26,0,0,0,0
"Zone4_H","Zone4_D",32,30,0,0,0,0
"Zone4_H","Zone4_C",32,21,0,0,0,0
"Zone4_H","Zone4_B",32,6,0,0,0,0
"Zone4_H","Zone4_A",32,16,0,0,0,0
"Zone4_G","Zone4_F",28,17,0,0,0,0
"Zone4_G","Zone4_E",28,26,0,0,0,0
"Zone4_G","Zone4_D",28,30,0,0,0,0
"Zone4_G","Zone4_C",28,21,0,0,0,0
"Zone4_G","Zone4_B",28,6,0,0,0,0
"Zone4_G","Zone4_A",28,16,0,0,0,0
"Zone4_F","Zone4_E",17,26,0,0,0,0
"Zone4_F","Zone4_D",17,30,0,0,0,0
"Zone4_F","Zone4_C",17,21,0,0,0,0
"Zone4_F","Zone4_B",17,6,0,0,0,0
"Zone4_F","Zone4_A",17,16,0,0,0,0
"Zone4_E","Zone4_D",26,30,0,0,0,0
"Zone4_E","Zone4_C",26,21,0,0,0,0
"Zone4_E","Zone4_B",26,6,0,0,0,0
"Zone4_E","Zone4_A",26,16,0,0,0,0
"Zone4_D","Zone4_C",30,21,0,0,0,0
"Zone4_D","Zone4_B",30,6,0,0,0,0
"Zone4_D","Zone4_A",30,16,0,0,0,0
"Zone4_C","Zone4_B",21,6,0,0,0,0
"Zone4_C","Zone4_A",21,16,0,0,0,0
"Zone4_B","Zone4_A",6,16,0,0,0,0
