"species","colour","cluster","cluster_int","cluster_name"
"Zygnema","#AA9000","E",5,"Zone1_E"
"Crassula.aquatica","#AA9000","E",5,"Zone1_E"
"Persicaria.foliosa","#AA9000","E",5,"Zone1_E"
"Elodea.canadensis","#AA9000","E",5,"Zone1_E"
"Elodea.nuttallii","#AA9000","E",5,"Zone1_E"
"Equisetum.fluviatile","#AA9000","E",5,"Zone1_E"
"Potamogeton.friesii","#AA9000","E",5,"Zone1_E"
"Sagittaria.natans","#AA9000","E",5,"Zone1_E"
"Chara.braunii","#AA9000","E",5,"Zone1_E"
"Nitella.wahlbergiana","#AA9000","E",5,"Zone1_E"
"Potamogeton.gramineus","#00AA5A","D",4,"Zone1_D"
"Callitriche.hermaphroditica","#00AA5A","D",4,"Zone1_D"
"Myriophyllum.alterniflorum","#00AA5A","D",4,"Zone1_D"
"Eleocharis.uniglumis","#00AA5A","D",4,"Zone1_D"
"Limosella.aquatica","#00AA5A","D",4,"Zone1_D"
"Potamogeton.pusillus","#00AA5A","D",4,"Zone1_D"
"Eleocharis.acicularis","#00AA5A","D",4,"Zone1_D"
"Subularia.aquatica","#00AA5A","D",4,"Zone1_D"
"Callitriche.palustris","#00AA5A","D",4,"Zone1_D"
"Potamogeton.berchtoldii","#00AA5A","D",4,"Zone1_D"
"Ranunculus.reptans","#00AA5A","D",4,"Zone1_D"
"Caltha.palustris","#00AA5A","D",4,"Zone1_D"
"Elatine.hydropiper","#00AA5A","D",4,"Zone1_D"
"Fontinalis.hypnoides","#00AA5A","D",4,"Zone1_D"
"Eleocharis.mamillata","#00AA5A","D",4,"Zone1_D"
"Cicuta.virosa","#00AA5A","D",4,"Zone1_D"
"Alisma.wahlenbergii","#00AA5A","D",4,"Zone1_D"
"Eleocharis.parvula","#00AA5A","D",4,"Zone1_D"
"Lemna.trisulca","#00AA5A","D",4,"Zone1_D"
"Myriophyllum.sibiricum","#00AA5A","D",4,"Zone1_D"
"Hippuris.vulgaris","#00AA5A","D",4,"Zone1_D"
"Schoenoplectus.tabernaemontani","#00AA5A","D",4,"Zone1_D"
"Eleocharis.palustris","#00AA5A","D",4,"Zone1_D"
"Ranunculus.peltatus.peltatus","#00AA5A","D",4,"Zone1_D"
"Chara.virgata","#00AA5A","D",4,"Zone1_D"
"Triglochin.maritima","#00AA5A","D",4,"Zone1_D"
"Potamogeton.obtusifolius","#00AA5A","D",4,"Zone1_D"
"Utricularia.vulgaris","#00AA5A","D",4,"Zone1_D"
"Sagittaria.sagittifolia","#00A6CA","C",3,"Zone1_C"
"Sparganium.emersum","#00A6CA","C",3,"Zone1_C"
"Schoenoplectus.lacustris","#00A6CA","C",3,"Zone1_C"
"Potamogeton.natans","#00A6CA","C",3,"Zone1_C"
"Nuphar.lutea","#00A6CA","C",3,"Zone1_C"
"Nymphaea.alba","#00A6CA","C",3,"Zone1_C"
"Myriophyllum.verticillatum","#00A6CA","C",3,"Zone1_C"
"Typha.latifolia","#00A6CA","C",3,"Zone1_C"
"Butomus.umbellatus","#00A6CA","C",3,"Zone1_C"
"Potamogeton.crispus","#00A6CA","C",3,"Zone1_C"
"Najas.marina","#00A6CA","C",3,"Zone1_C"
"Typha.angustifolia","#00A6CA","C",3,"Zone1_C"
"Ceratophyllum.demersum","#00A6CA","C",3,"Zone1_C"
"Phragmites.australis","#00A6CA","C",3,"Zone1_C"
"Chara.connivens","#B675E0","B",2,"Zone1_B"
"Rhizoclonium.riparium","#B675E0","B",2,"Zone1_B"
"Dreissena.polymorpha","#B675E0","B",2,"Zone1_B"
"Myriophyllum.spicatum","#B675E0","B",2,"Zone1_B"
"Ruppia.cirrhosa","#B675E0","B",2,"Zone1_B"
"Chaetomorpha.linum","#B675E0","B",2,"Zone1_B"
"Stuckenia.pectinata","#B675E0","B",2,"Zone1_B"
"Potamogeton.perfoliatus","#E16A86","A",1,"Zone1_A"
"Vaucheria","#E16A86","A",1,"Zone1_A"
"Chara.aspera","#E16A86","A",1,"Zone1_A"
"Zannichellia.palustris","#E16A86","A",1,"Zone1_A"
"Fontinalis.antipyretica","#E16A86","A",1,"Zone1_A"
"Aegagropila.linnaei","#E16A86","A",1,"Zone1_A"
"Corophium.volutator","#E16A86","A",1,"Zone1_A"
"Nitella.flexilis","#E16A86","A",1,"Zone1_A"
"Cyanophthalma.obscura","#E16A86","A",1,"Zone1_A"
"Gammarus.zaddachi","#E16A86","A",1,"Zone1_A"
"Monoporeia.affinis","#E16A86","A",1,"Zone1_A"
"Mysis.relicta","#E16A86","A",1,"Zone1_A"
"Fontinalis.dalecarlica","#E16A86","A",1,"Zone1_A"
"Fissidens.fontanus","#E16A86","A",1,"Zone1_A"
"Ulothrix.zonata","#E16A86","A",1,"Zone1_A"
"Potamogeton.praelongus","#E16A86","A",1,"Zone1_A"
"Stuckenia.vaginata","#E16A86","A",1,"Zone1_A"
"Nitellopsis.obtusa","#E16A86","A",1,"Zone1_A"
"Batrachospermum","#E16A86","A",1,"Zone1_A"
"Hippuris.tetraphylla","#E16A86","A",1,"Zone1_A"
"Ecrobia.ventrosa","#B675E0","E",5,"Zone2_E"
"Gammarus.oceanicus","#B675E0","E",5,"Zone2_E"
"Theodoxus.fluviatilis","#B675E0","E",5,"Zone2_E"
"Peringia.ulvae","#B675E0","E",5,"Zone2_E"
"Amphibalanus.improvisus","#B675E0","E",5,"Zone2_E"
"Mya.arenaria","#B675E0","E",5,"Zone2_E"
"Cerastoderma.glaucum","#B675E0","E",5,"Zone2_E"
"Hediste.diversicolor","#B675E0","E",5,"Zone2_E"
"Battersia.arctica","#B675E0","E",5,"Zone2_E"
"Corophium.volutator","#B675E0","E",5,"Zone2_E"
"Gammarus.zaddachi","#B675E0","E",5,"Zone2_E"
"Gammarus.salinus","#B675E0","E",5,"Zone2_E"
"Jaera.albifrons","#B675E0","E",5,"Zone2_E"
"Bathyporeia.pilosa","#B675E0","E",5,"Zone2_E"
"Cyanophthalma.obscura","#B675E0","E",5,"Zone2_E"
"Einhornia.crustulenta","#B675E0","E",5,"Zone2_E"
"Cladophora.rupestris","#B675E0","E",5,"Zone2_E"
"Neomysis.integer","#B675E0","E",5,"Zone2_E"
"Coccotylus.Phyllophora","#B675E0","E",5,"Zone2_E"
"Pygospio.elegans","#B675E0","E",5,"Zone2_E"
"Vertebrata.fucoides","#B675E0","E",5,"Zone2_E"
"Ceramium.tenuicorne","#B675E0","E",5,"Zone2_E"
"Ectocarpus.Pylaiella","#B675E0","E",5,"Zone2_E"
"Furcellaria.lumbricalis","#B675E0","E",5,"Zone2_E"
"Gaillona.rosea","#B675E0","E",5,"Zone2_E"
"Rhodochorton.purpureum","#B675E0","E",5,"Zone2_E"
"Eudesme.virescens","#B675E0","E",5,"Zone2_E"
"Mytilus","#B675E0","E",5,"Zone2_E"
"Pontoporeia.femorata","#E16A86","D",4,"Zone2_D"
"Monoporeia.affinis","#E16A86","D",4,"Zone2_D"
"Saduria.entomon","#E16A86","D",4,"Zone2_D"
"Mysis.mixta","#E16A86","D",4,"Zone2_D"
"Mysis.relicta","#E16A86","D",4,"Zone2_D"
"Bylgides.sarsi","#E16A86","D",4,"Zone2_D"
"Marenzelleria","#E16A86","D",4,"Zone2_D"
"Halicryptus.spinulosus","#E16A86","D",4,"Zone2_D"
"Limecola.balthica","#E16A86","D",4,"Zone2_D"
"Elachista.fucicola","#00AA5A","C",3,"Zone2_C"
"Stictyosiphon.tortilis","#00AA5A","C",3,"Zone2_C"
"Zannichellia.major","#00AA5A","C",3,"Zone2_C"
"Chorda.filum","#00AA5A","C",3,"Zone2_C"
"Dictyosiphon.foeniculaceus","#00AA5A","C",3,"Zone2_C"
"Fucus.vesiculosus.radicans","#00AA5A","C",3,"Zone2_C"
"Ulva.prolifera","#00AA5A","C",3,"Zone2_C"
"Urospora.penicilliformis","#00AA5A","C",3,"Zone2_C"
"Chaetomorpha.linum","#00AA5A","C",3,"Zone2_C"
"Chara.connivens","#00AA5A","C",3,"Zone2_C"
"Rhizoclonium.riparium","#00AA5A","C",3,"Zone2_C"
"Ruppia.cirrhosa","#00AA5A","C",3,"Zone2_C"
"Ruppia.maritima","#00AA5A","C",3,"Zone2_C"
"Chara.baltica","#00AA5A","C",3,"Zone2_C"
"Chara.canescens","#00AA5A","C",3,"Zone2_C"
"Gammarus.tigrinus","#00AA5A","C",3,"Zone2_C"
"Potamogeton.perfoliatus","#00AA5A","C",3,"Zone2_C"
"Myriophyllum.spicatum","#00AA5A","C",3,"Zone2_C"
"Stuckenia.pectinata","#00AA5A","C",3,"Zone2_C"
"Ranunculus.peltatus.peltatus","#00AA5A","C",3,"Zone2_C"
"Chara.aspera","#00AA5A","C",3,"Zone2_C"
"Zannichellia.palustris","#00AA5A","C",3,"Zone2_C"
"Bolboschoenus.maritimus","#00A6CA","B",2,"Zone2_B"
"Ranunculus.aquatilis","#00A6CA","B",2,"Zone2_B"
"Ceratophyllum.demersum","#00A6CA","B",2,"Zone2_B"
"Phragmites.australis","#00A6CA","B",2,"Zone2_B"
"Myriophyllum.sibiricum","#00A6CA","B",2,"Zone2_B"
"Chara.tomentosa","#00A6CA","B",2,"Zone2_B"
"Najas.marina","#00A6CA","B",2,"Zone2_B"
"Lemna.trisulca","#00A6CA","B",2,"Zone2_B"
"Vaucheria","#00A6CA","B",2,"Zone2_B"
"Hippuris.vulgaris","#00A6CA","B",2,"Zone2_B"
"Schoenoplectus.tabernaemontani","#00A6CA","B",2,"Zone2_B"
"Schoenoplectus.lacustris","#AA9000","A",1,"Zone2_A"
"Typha.angustifolia","#AA9000","A",1,"Zone2_A"
"Myriophyllum.verticillatum","#AA9000","A",1,"Zone2_A"
"Nymphaea.alba","#AA9000","A",1,"Zone2_A"
"Typha.latifolia","#AA9000","A",1,"Zone2_A"
"Nuphar.lutea","#AA9000","A",1,"Zone2_A"
"Equisetum.fluviatile","#AA9000","A",1,"Zone2_A"
"Potamogeton.natans","#AA9000","A",1,"Zone2_A"
"Sagittaria.sagittifolia","#AA9000","A",1,"Zone2_A"
"Sparganium.emersum","#AA9000","A",1,"Zone2_A"
"Callitriche.hermaphroditica","#AA9000","A",1,"Zone2_A"
"Myriophyllum.alterniflorum","#AA9000","A",1,"Zone2_A"
"Chara.virgata","#AA9000","A",1,"Zone2_A"
"Butomus.umbellatus","#AA9000","A",1,"Zone2_A"
"Potamogeton.crispus","#AA9000","A",1,"Zone2_A"
"Fontinalis.antipyretica","#AA9000","A",1,"Zone2_A"
"Fontinalis.dalecarlica","#AA9000","A",1,"Zone2_A"
"Eleocharis.uniglumis","#AA9000","A",1,"Zone2_A"
"Juncus.gerardii","#AA9000","A",1,"Zone2_A"
"Lemna.minor","#AA9000","A",1,"Zone2_A"
"Dreissena.polymorpha","#AA9000","A",1,"Zone2_A"
"Monostroma.balticum","#AA9000","A",1,"Zone2_A"
"Potamogeton.obtusifolius","#AA9000","A",1,"Zone2_A"
"Zygnema","#AA9000","A",1,"Zone2_A"
"Eleocharis.palustris","#AA9000","A",1,"Zone2_A"
"Eleocharis.parvula","#AA9000","A",1,"Zone2_A"
"Stuckenia.vaginata","#AA9000","A",1,"Zone2_A"
"Aegagropila.linnaei","#AA9000","A",1,"Zone2_A"
"Potamogeton.berchtoldii","#AA9000","A",1,"Zone2_A"
"Cerastoderma.edule","#AA9000","A",1,"Zone2_A"
"Hippuris.tetraphylla","#AA9000","A",1,"Zone2_A"
"Nitellopsis.obtusa","#AA9000","A",1,"Zone2_A"
"Corbula.gibba","#E16A86","F",6,"Zone3_F"
"Ophiura.albida","#E16A86","F",6,"Zone3_F"
"Abra.alba","#E16A86","F",6,"Zone3_F"
"Levinsenia.gracilis","#E16A86","F",6,"Zone3_F"
"Nephtys.ciliata","#E16A86","F",6,"Zone3_F"
"Dendrodoa.grossularia","#E16A86","F",6,"Zone3_F"
"Electra.pilosa","#E16A86","F",6,"Zone3_F"
"Pholoe.assimilis","#E16A86","F",6,"Zone3_F"
"Malacobdella.grossa","#E16A86","F",6,"Zone3_F"
"Nereimyra.punctata","#E16A86","F",6,"Zone3_F"
"Pherusa.plumosa","#E16A86","F",6,"Zone3_F"
"Astarte.borealis","#E16A86","F",6,"Zone3_F"
"Astarte.elliptica","#E16A86","F",6,"Zone3_F"
"Priapulus.caudatus","#E16A86","F",6,"Zone3_F"
"Terebellides.stroemii","#E16A86","F",6,"Zone3_F"
"Gammarus.tigrinus","#E16A86","F",6,"Zone3_F"
"Scoloplos.armiger","#E16A86","F",6,"Zone3_F"
"Ampharete.baltica","#E16A86","F",6,"Zone3_F"
"Aricidea.suecica","#E16A86","F",6,"Zone3_F"
"Arctica.islandica","#E16A86","F",6,"Zone3_F"
"Trochochaeta.multisetosa","#E16A86","F",6,"Zone3_F"
"Asterias.rubens","#E16A86","F",6,"Zone3_F"
"Phyllodoce.mucosa","#E16A86","F",6,"Zone3_F"
"Phycodrys.rubens","#E16A86","F",6,"Zone3_F"
"Dipolydora.quadrilobata","#E16A86","F",6,"Zone3_F"
"Gastrosaccus.spinifer","#E16A86","F",6,"Zone3_F"
"Parvicardium.pinnulatum","#E16A86","F",6,"Zone3_F"
"Harmothoe.imbricata","#E16A86","F",6,"Zone3_F"
"Kurtiella.bidentata","#E16A86","F",6,"Zone3_F"
"Sphaceloderma.caespitulum","#E16A86","F",6,"Zone3_F"
"Callopora.lineata","#E16A86","F",6,"Zone3_F"
"Mya.truncata","#E16A86","F",6,"Zone3_F"
"Lineus.ruber","#E16A86","F",6,"Zone3_F"
"Crassicorophium.crassicor","#E16A86","F",6,"Zone3_F"
"Aricidea.minuta","#E16A86","F",6,"Zone3_F"
"Spio.goniocephala","#E16A86","F",6,"Zone3_F"
"Eteone.longa","#E16A86","F",6,"Zone3_F"
"Nephtys.caeca","#E16A86","F",6,"Zone3_F"
"Pontoporeia.femorata","#B88A00","E",5,"Zone3_E"
"Diastylis.rathkei","#B88A00","E",5,"Zone3_E"
"Bylgides.sarsi","#B88A00","E",5,"Zone3_E"
"Halicryptus.spinulosus","#B88A00","E",5,"Zone3_E"
"Micrura.baltica","#B88A00","E",5,"Zone3_E"
"Monoporeia.affinis","#B88A00","E",5,"Zone3_E"
"Saduria.entomon","#B88A00","E",5,"Zone3_E"
"Baltidrilus.costatus","#C86DD7","D",4,"Zone3_D"
"Aglaothamnion.tenuissimum","#C86DD7","D",4,"Zone3_D"
"Fabricia.stellaris","#C86DD7","D",4,"Zone3_D"
"Ceramium.diaphanum","#C86DD7","D",4,"Zone3_D"
"Streblospio.shrubsolii","#C86DD7","D",4,"Zone3_D"
"Polyides.rotunda","#C86DD7","D",4,"Zone3_D"
"Alitta.succinea","#C86DD7","D",4,"Zone3_D"
"Desmarestia.viridis","#C86DD7","D",4,"Zone3_D"
"Tubificoides.benedii","#C86DD7","D",4,"Zone3_D"
"Vertebrata.fucoides","#C86DD7","D",4,"Zone3_D"
"Peringia.ulvae","#C86DD7","D",4,"Zone3_D"
"Mya.arenaria","#C86DD7","D",4,"Zone3_D"
"Cerastoderma.glaucum","#C86DD7","D",4,"Zone3_D"
"Hediste.diversicolor","#C86DD7","D",4,"Zone3_D"
"Gammarus.zaddachi","#C86DD7","D",4,"Zone3_D"
"Amphibalanus.improvisus","#C86DD7","D",4,"Zone3_D"
"Corophium.volutator","#C86DD7","D",4,"Zone3_D"
"Gammarus.salinus","#C86DD7","D",4,"Zone3_D"
"Bathyporeia.pilosa","#C86DD7","D",4,"Zone3_D"
"Jaera.albifrons","#C86DD7","D",4,"Zone3_D"
"Marenzelleria","#C86DD7","D",4,"Zone3_D"
"Limecola.balthica","#C86DD7","D",4,"Zone3_D"
"Pygospio.elegans","#C86DD7","D",4,"Zone3_D"
"Coccotylus.Phyllophora","#C86DD7","D",4,"Zone3_D"
"Mytilus","#C86DD7","D",4,"Zone3_D"
"Rhodomela.confervoides","#C86DD7","D",4,"Zone3_D"
"Einhornia.crustulenta","#C86DD7","D",4,"Zone3_D"
"Tubificoides.pseudogaster","#50A315","C",3,"Zone3_C"
"Scytosiphon.lomentaria","#50A315","C",3,"Zone3_C"
"Polydora.cornuta","#50A315","C",3,"Zone3_C"
"Sphaerotrichia.divaricata","#50A315","C",3,"Zone3_C"
"Ulva.lactuca","#50A315","C",3,"Zone3_C"
"Dictyosiphon.chordaria","#50A315","C",3,"Zone3_C"
"Mesogloia.vermiculata","#50A315","C",3,"Zone3_C"
"Platynereis.dumerilii","#50A315","C",3,"Zone3_C"
"Heteromastus.filiformis","#50A315","C",3,"Zone3_C"
"Delesseria.sanguinea","#50A315","C",3,"Zone3_C"
"Polysiphonia.stricta","#50A315","C",3,"Zone3_C"
"Arenicola.marina","#50A315","C",3,"Zone3_C"
"Capitella.capitata","#50A315","C",3,"Zone3_C"
"Ceramium.virgatum","#50A315","C",3,"Zone3_C"
"Cladophora.sericea","#50A315","C",3,"Zone3_C"
"Dumontia.contorta","#50A315","C",3,"Zone3_C"
"Callithamnion.corymbosum","#50A315","C",3,"Zone3_C"
"Chaetomorpha.melagonium","#50A315","C",3,"Zone3_C"
"Membranoptera.alata","#50A315","C",3,"Zone3_C"
"Polysiphonia.elongata","#50A315","C",3,"Zone3_C"
"Ahnfeltia.plicata","#50A315","C",3,"Zone3_C"
"Bryopsis.hypnoides","#50A315","C",3,"Zone3_C"
"Furcellaria.lumbricalis","#009ADE","B",2,"Zone3_B"
"Ceramium.tenuicorne","#009ADE","B",2,"Zone3_B"
"Ectocarpus.Pylaiella","#009ADE","B",2,"Zone3_B"
"Ecrobia.ventrosa","#009ADE","B",2,"Zone3_B"
"Gammarus.oceanicus","#009ADE","B",2,"Zone3_B"
"Theodoxus.fluviatilis","#009ADE","B",2,"Zone3_B"
"Dictyosiphon.foeniculaceus","#009ADE","B",2,"Zone3_B"
"Cyanophthalma.obscura","#009ADE","B",2,"Zone3_B"
"Neomysis.integer","#009ADE","B",2,"Zone3_B"
"Battersia.arctica","#009ADE","B",2,"Zone3_B"
"Eudesme.virescens","#009ADE","B",2,"Zone3_B"
"Gaillona.rosea","#009ADE","B",2,"Zone3_B"
"Rhodochorton.purpureum","#009ADE","B",2,"Zone3_B"
"Cladophora.rupestris","#009ADE","B",2,"Zone3_B"
"Elachista.fucicola","#009ADE","B",2,"Zone3_B"
"Urospora.penicilliformis","#00AD9A","A",1,"Zone3_A"
"Chara.connivens","#00AD9A","A",1,"Zone3_A"
"Rhizoclonium.riparium","#00AD9A","A",1,"Zone3_A"
"Gammarellus.homari","#00AD9A","A",1,"Zone3_A"
"Metridium.senile","#00AD9A","A",1,"Zone3_A"
"Molgula.manhattensis","#00AD9A","A",1,"Zone3_A"
"Cerastoderma.edule","#00AD9A","A",1,"Zone3_A"
"Ophelia.rathkei","#00AD9A","A",1,"Zone3_A"
"Pusillina.inconspicua","#00AD9A","A",1,"Zone3_A"
"Apherusa.bispinosa","#00AD9A","A",1,"Zone3_A"
"Musculus.discors","#00AD9A","A",1,"Zone3_A"
"Stictyosiphon.tortilis","#00AD9A","A",1,"Zone3_A"
"Alkmaria.romijni","#00AD9A","A",1,"Zone3_A"
"Chorda.filum","#00AD9A","A",1,"Zone3_A"
"Fucus.vesiculosus.radicans","#00AD9A","A",1,"Zone3_A"
"Chara.canescens","#00AD9A","A",1,"Zone3_A"
"Ruppia.maritima","#00AD9A","A",1,"Zone3_A"
"Ruppia.cirrhosa","#00AD9A","A",1,"Zone3_A"
"Zannichellia.palustris","#00AD9A","A",1,"Zone3_A"
"Myriophyllum.spicatum","#00AD9A","A",1,"Zone3_A"
"Chara.baltica","#00AD9A","A",1,"Zone3_A"
"Stuckenia.pectinata","#00AD9A","A",1,"Zone3_A"
"Heterotanais.oerstedii","#00AD9A","A",1,"Zone3_A"
"Leathesia.marina","#00AD9A","A",1,"Zone3_A"
"Chaetomorpha.linum","#00AD9A","A",1,"Zone3_A"
"Zostera.marina","#00AD9A","A",1,"Zone3_A"
"Ranunculus.peltatus.peltatus","#00AD9A","A",1,"Zone3_A"
"Ceratophyllum.demersum","#00AD9A","A",1,"Zone3_A"
"Monostroma.balticum","#00AD9A","A",1,"Zone3_A"
"Chara.horrida","#00AD9A","A",1,"Zone3_A"
"Schoenoplectus.lacustris","#00AD9A","A",1,"Zone3_A"
"Zannichellia.major","#00AD9A","A",1,"Zone3_A"
"Bolboschoenus.maritimus","#00AD9A","A",1,"Zone3_A"
"Lemna.minor","#00AD9A","A",1,"Zone3_A"
"Juncus.gerardii","#00AD9A","A",1,"Zone3_A"
"Triglochin.maritima","#00AD9A","A",1,"Zone3_A"
"Eleocharis.parvula","#00AD9A","A",1,"Zone3_A"
"Eleocharis.uniglumis","#00AD9A","A",1,"Zone3_A"
"Ulva.prolifera","#00AD9A","A",1,"Zone3_A"
"Edwardsia.longicornis","#D17B44","K",11,"Zone4_K"
"Magelona.alleni","#D17B44","K",11,"Zone4_K"
"Mysia.undata","#D17B44","K",11,"Zone4_K"
"Pholoe.baltica","#D17B44","K",11,"Zone4_K"
"Chaetozone.setosa","#D17B44","K",11,"Zone4_K"
"Goniada.maculata","#D17B44","K",11,"Zone4_K"
"Phoronis.muelleri","#D17B44","K",11,"Zone4_K"
"Galathowenia.oculata","#D17B44","K",11,"Zone4_K"
"Prionospio.fallax","#D17B44","K",11,"Zone4_K"
"Phyllodoce.rosea","#D17B44","K",11,"Zone4_K"
"Amphiura.filiformis","#D17B44","K",11,"Zone4_K"
"Eumida.bahusiensis","#D17B44","K",11,"Zone4_K"
"Glycera.alba","#D17B44","K",11,"Zone4_K"
"Nucula.nitidosa","#D17B44","K",11,"Zone4_K"
"Thyasira.flexuosa","#D17B44","K",11,"Zone4_K"
"Eudorella.truncatula","#D17B44","K",11,"Zone4_K"
"Levinsenia.gracilis","#D17B44","K",11,"Zone4_K"
"Phaxas.pellucidus","#D17B44","K",11,"Zone4_K"
"Kurtiella.bidentata","#D17B44","K",11,"Zone4_K"
"Scalibregma.inflatum","#D17B44","K",11,"Zone4_K"
"Terebellides.stroemii","#D17B44","K",11,"Zone4_K"
"Abyssoninoe.hibernica","#D17B44","K",11,"Zone4_K"
"Oxydromus.flexuosus","#D17B44","K",11,"Zone4_K"
"Glycera.unicornis","#D17B44","K",11,"Zone4_K"
"Abra.nitida","#D17B44","K",11,"Zone4_K"
"Ennucula.tenuis","#D17B44","K",11,"Zone4_K"
"Ampelisca.macrocephala","#D17B44","K",11,"Zone4_K"
"Chalinula.limbata","#D17B44","K",11,"Zone4_K"
"Paradoneis.eliasoni","#D17B44","K",11,"Zone4_K"
"Praxillella.praetermissa","#D17B44","K",11,"Zone4_K"
"Rhodine.gracilior","#D17B44","K",11,"Zone4_K"
"Chaetoderma.nitidulum","#D17B44","K",11,"Zone4_K"
"Maldane.sarsi","#D17B44","K",11,"Zone4_K"
"Owenia.fusiformis","#D17B44","K",11,"Zone4_K"
"Notomastus.latericeus","#D17B44","K",11,"Zone4_K"
"Cylichna.cylindracea","#D17B44","K",11,"Zone4_K"
"Turritella.communis","#D17B44","K",11,"Zone4_K"
"Dosinia.exoleta","#D17B44","K",11,"Zone4_K"
"Polycirrus.norvegicus","#D17B44","K",11,"Zone4_K"
"Ampelisca.diadema","#D17B44","K",11,"Zone4_K"
"Diastylis.laevis","#D17B44","K",11,"Zone4_K"
"Trichobranchus.roseus","#00ABB2","J",10,"Zone4_J"
"Westwoodilla.caecula","#00ABB2","J",10,"Zone4_J"
"Glycinde.nordmanni","#00ABB2","J",10,"Zone4_J"
"Golfingia.vulgaris","#00ABB2","J",10,"Zone4_J"
"Prionospio.multibranchiat","#00ABB2","J",10,"Zone4_J"
"Rhodine.loveni","#00ABB2","J",10,"Zone4_J"
"Magelona.minuta","#00ABB2","J",10,"Zone4_J"
"Anobothrus.gracilis","#00ABB2","J",10,"Zone4_J"
"Pectinaria.belgica","#00ABB2","J",10,"Zone4_J"
"Acanthocardia.echinata","#00ABB2","J",10,"Zone4_J"
"Harpinia.antennaria","#00ABB2","J",10,"Zone4_J"
"Labidoplax.buskii","#00ABB2","J",10,"Zone4_J"
"Polyphysia.crassa","#00ABB2","J",10,"Zone4_J"
"Sphaerodorum.gracilis","#00ABB2","J",10,"Zone4_J"
"Brada.villosa","#00ABB2","J",10,"Zone4_J"
"Virgularia.mirabilis","#00ABB2","J",10,"Zone4_J"
"Priapulus.caudatus","#00ABB2","J",10,"Zone4_J"
"Protomedeia.fasciata","#00ABB2","J",10,"Zone4_J"
"Artacama.proboscidea","#00ABB2","J",10,"Zone4_J"
"Apistobranchus.tullbergi","#00ABB2","J",10,"Zone4_J"
"Crenella.decussata","#00ABB2","J",10,"Zone4_J"
"Sphaerotrichia.divaricata","#C071DC","I",9,"Zone4_I"
"Ahnfeltia.plicata","#C071DC","I",9,"Zone4_I"
"Chondrus.crispus","#C071DC","I",9,"Zone4_I"
"Bryopsis.plumosa","#C071DC","I",9,"Zone4_I"
"Furcellaria.lumbricalis","#C071DC","I",9,"Zone4_I"
"Saccharina.latissima","#C071DC","I",9,"Zone4_I"
"Eteone.longa","#C071DC","I",9,"Zone4_I"
"Membranoptera.alata","#C071DC","I",9,"Zone4_I"
"Ceramium.virgatum","#C071DC","I",9,"Zone4_I"
"Rhodomela.confervoides","#C071DC","I",9,"Zone4_I"
"Bryopsis.hypnoides","#C071DC","I",9,"Zone4_I"
"Chaetomorpha.melagonium","#C071DC","I",9,"Zone4_I"
"Callithamnion.corymbosum","#C071DC","I",9,"Zone4_I"
"Cystoclonium.purpureum","#C071DC","I",9,"Zone4_I"
"Polysiphonia.stricta","#C071DC","I",9,"Zone4_I"
"Coccotylus.Phyllophora","#C071DC","I",9,"Zone4_I"
"Delesseria.sanguinea","#C071DC","I",9,"Zone4_I"
"Polyides.rotunda","#C071DC","I",9,"Zone4_I"
"Phycodrys.rubens","#C071DC","I",9,"Zone4_I"
"Sphacelaria.cirrosa","#C071DC","I",9,"Zone4_I"
"Leathesia.marina","#C071DC","I",9,"Zone4_I"
"Bonnemaisonia.hamifera","#C071DC","I",9,"Zone4_I"
"Desmarestia.viridis","#C071DC","I",9,"Zone4_I"
"Vertebrata.byssoides","#C071DC","I",9,"Zone4_I"
"Erythrotrichia.carnea","#00A0D6","H",8,"Zone4_H"
"Aglaothamnion.tenuissimum","#00A0D6","H",8,"Zone4_H"
"Rhodochorton.purpureum","#00A0D6","H",8,"Zone4_H"
"Sphaceloderma.caespitulum","#00A0D6","H",8,"Zone4_H"
"Nephtys.caeca","#00A0D6","H",8,"Zone4_H"
"Scoloplos.armiger","#00A0D6","H",8,"Zone4_H"
"Odonthalia.dentata","#00A0D6","H",8,"Zone4_H"
"Laminaria.digitata","#00A0D6","H",8,"Zone4_H"
"Desmarestia.aculeata","#00A0D6","H",8,"Zone4_H"
"Palmaria.palmata","#00A0D6","H",8,"Zone4_H"
"Tubulanus.polymorphus","#00A0D6","H",8,"Zone4_H"
"Echinocyamus.pusillus","#00A0D6","H",8,"Zone4_H"
"Eucratea.loricata","#00A0D6","H",8,"Zone4_H"
"Perioculodes.longimanus","#00A0D6","H",8,"Zone4_H"
"Echinocardium.cordatum","#00A0D6","H",8,"Zone4_H"
"Tellimya.ferruginosa","#00A0D6","H",8,"Zone4_H"
"Poecilochaetus.serpens","#00A0D6","H",8,"Zone4_H"
"Thracia.phaseolina","#00A0D6","H",8,"Zone4_H"
"Pterothamnion.plumula","#00A0D6","H",8,"Zone4_H"
"Ampelisca.brevicornis","#00A0D6","H",8,"Zone4_H"
"Chamelea.gallina","#00A0D6","H",8,"Zone4_H"
"Erythrodermis.traillii","#00A0D6","H",8,"Zone4_H"
"Rubrointrusa.membranacea","#00A0D6","H",8,"Zone4_H"
"Colaconema.daviesii","#00A0D6","H",8,"Zone4_H"
"Peyssonnelia.dubyi","#00A0D6","H",8,"Zone4_H"
"Gammarus.tigrinus","#00A0D6","H",8,"Zone4_H"
"Gattyana.cirrhosa","#00A0D6","H",8,"Zone4_H"
"Derbesia.marina","#00A0D6","H",8,"Zone4_H"
"Filellum.serpens","#00A0D6","H",8,"Zone4_H"
"Cruoria.pellita","#00A0D6","H",8,"Zone4_H"
"Lithothamnion.glaciale","#00A0D6","H",8,"Zone4_H"
"Scagelothamnion.pusillum","#00A0D6","H",8,"Zone4_H"
"Branchiostoma.lanceolatum","#DE63B9","G",7,"Zone4_G"
"Pisione.remota","#DE63B9","G",7,"Zone4_G"
"Melobesia.membranacea","#DE63B9","G",7,"Zone4_G"
"Tanaissus.lilljeborgi","#DE63B9","G",7,"Zone4_G"
"Spermothamnion.repens","#DE63B9","G",7,"Zone4_G"
"Spio.filicornis","#DE63B9","G",7,"Zone4_G"
"Corallina.officinalis","#DE63B9","G",7,"Zone4_G"
"Plumaria.plumosa","#DE63B9","G",7,"Zone4_G"
"Bathyporeia.guilliamsonia","#DE63B9","G",7,"Zone4_G"
"Nephtys.longosetosa","#DE63B9","G",7,"Zone4_G"
"Ophelia.borealis","#DE63B9","G",7,"Zone4_G"
"Fabulina.fabula","#DE63B9","G",7,"Zone4_G"
"Spiophanes.bombyx","#DE63B9","G",7,"Zone4_G"
"Mediomastus.fragilis","#DE63B9","G",7,"Zone4_G"
"Lomentaria.clavellosa","#DE63B9","G",7,"Zone4_G"
"Dilsea.carnosa","#DE63B9","G",7,"Zone4_G"
"Dasysiphonia.japonica","#DE63B9","G",7,"Zone4_G"
"Laminaria.hyperborea","#DE63B9","G",7,"Zone4_G"
"Asperococcus.bullosus","#DE63B9","G",7,"Zone4_G"
"Aporrhais.pespelecani","#DE63B9","G",7,"Zone4_G"
"Nephtys.assimilis","#DE63B9","G",7,"Zone4_G"
"Lanice.conchilega","#DE63B9","G",7,"Zone4_G"
"Phyllodoce.groenlandica","#DE63B9","G",7,"Zone4_G"
"Eumida.sanguinea","#DE63B9","G",7,"Zone4_G"
"Macoma.calcarea","#DE63B9","G",7,"Zone4_G"
"Parexogone.hebes","#DE63B9","G",7,"Zone4_G"
"Pholoe.inornata","#DE63B9","G",7,"Zone4_G"
"Spisula.subtruncata","#DE63B9","G",7,"Zone4_G"
"Heteromastus.filiformis","#829C00","F",6,"Zone4_F"
"Cerastoderma.edule","#829C00","F",6,"Zone4_F"
"Asterias.rubens","#829C00","F",6,"Zone4_F"
"Harmothoe.imbricata","#829C00","F",6,"Zone4_F"
"Polycirrus.medusa","#829C00","F",6,"Zone4_F"
"Trochochaeta.multisetosa","#829C00","F",6,"Zone4_F"
"Ampharete.baltica","#829C00","F",6,"Zone4_F"
"Arctica.islandica","#829C00","F",6,"Zone4_F"
"Abra.alba","#829C00","F",6,"Zone4_F"
"Nephtys.ciliata","#829C00","F",6,"Zone4_F"
"Ophiura.albida","#829C00","F",6,"Zone4_F"
"Corbula.gibba","#829C00","F",6,"Zone4_F"
"Parvicardium.pinnulatum","#829C00","F",6,"Zone4_F"
"Aricidea.suecica","#829C00","F",6,"Zone4_F"
"Nereimyra.punctata","#829C00","F",6,"Zone4_F"
"Gastrosaccus.spinifer","#829C00","F",6,"Zone4_F"
"Phyllodoce.mucosa","#829C00","F",6,"Zone4_F"
"Lineus.ruber","#00AD7F","E",5,"Zone4_E"
"Spio.goniocephala","#00AD7F","E",5,"Zone4_E"
"Electra.pilosa","#00AD7F","E",5,"Zone4_E"
"Aricidea.minuta","#00AD7F","E",5,"Zone4_E"
"Dipolydora.quadrilobata","#00AD7F","E",5,"Zone4_E"
"Callopora.lineata","#00AD7F","E",5,"Zone4_E"
"Escharella.immersa","#00AD7F","E",5,"Zone4_E"
"Phoxocephalus.holbolli","#00AD7F","E",5,"Zone4_E"
"Crassicorophium.crassicor","#00AD7F","E",5,"Zone4_E"
"Psammechinus.miliaris","#00AD7F","E",5,"Zone4_E"
"Malacobdella.grossa","#00AD7F","E",5,"Zone4_E"
"Astarte.borealis","#00AD7F","E",5,"Zone4_E"
"Astarte.elliptica","#00AD7F","E",5,"Zone4_E"
"Pholoe.assimilis","#00AD7F","E",5,"Zone4_E"
"Laonome.kroyeri","#00AD7F","E",5,"Zone4_E"
"Astarte.montagui","#00AD7F","E",5,"Zone4_E"
"Dendrodoa.grossularia","#00AD7F","E",5,"Zone4_E"
"Halcampa.duodecimcirrata","#00AD7F","E",5,"Zone4_E"
"Mya.truncata","#00AD7F","E",5,"Zone4_E"
"Pariambus.typicus","#00AD7F","E",5,"Zone4_E"
"Sertularia.cupressina","#00AD7F","E",5,"Zone4_E"
"Lysilla.loveni","#00AD7F","E",5,"Zone4_E"
"Hiatella.arctica","#00AD7F","E",5,"Zone4_E"
"Nephtys.pente","#00AD7F","E",5,"Zone4_E"
"Musculus.niger","#00AD7F","E",5,"Zone4_E"
"Pherusa.plumosa","#00AD7F","E",5,"Zone4_E"
"Elachista.fucicola","#B28D00","D",4,"Zone4_D"
"Fucus.serratus","#B28D00","D",4,"Zone4_D"
"Vertebrata.fucoides","#B28D00","D",4,"Zone4_D"
"Dumontia.contorta","#B28D00","D",4,"Zone4_D"
"Chaetomorpha.linum","#B28D00","D",4,"Zone4_D"
"Cladophora.sericea","#B28D00","D",4,"Zone4_D"
"Dasya.baillouviana","#B28D00","D",4,"Zone4_D"
"Ulva.lactuca","#B28D00","D",4,"Zone4_D"
"Ectocarpus.Pylaiella","#B28D00","D",4,"Zone4_D"
"Chorda.filum","#B28D00","D",4,"Zone4_D"
"Dictyosiphon.foeniculaceus","#B28D00","D",4,"Zone4_D"
"Capitella.capitata","#B28D00","D",4,"Zone4_D"
"Tubificoides.benedii","#B28D00","D",4,"Zone4_D"
"Polydora.cornuta","#B28D00","D",4,"Zone4_D"
"Polysiphonia.elongata","#B28D00","D",4,"Zone4_D"
"Arenicola.marina","#B28D00","D",4,"Zone4_D"
"Nemalion.multifidum","#B28D00","D",4,"Zone4_D"
"Bittium.reticulatum","#B28D00","D",4,"Zone4_D"
"Fucus.vesiculosus.radicans","#B28D00","D",4,"Zone4_D"
"Ruppia.maritima","#B28D00","D",4,"Zone4_D"
"Ruppia.cirrhosa","#B28D00","D",4,"Zone4_D"
"Alitta.succinea","#B28D00","D",4,"Zone4_D"
"Mesogloia.vermiculata","#B28D00","D",4,"Zone4_D"
"Scytosiphon.lomentaria","#B28D00","D",4,"Zone4_D"
"Zostera.marina","#B28D00","D",4,"Zone4_D"
"Tubificoides.pseudogaster","#B28D00","D",4,"Zone4_D"
"Ophelia.rathkei","#B28D00","D",4,"Zone4_D"
"Fabricia.stellaris","#B28D00","D",4,"Zone4_D"
"Platynereis.dumerilii","#B28D00","D",4,"Zone4_D"
"Scrobicularia.plana","#B28D00","D",4,"Zone4_D"
"Ulva.prolifera","#7B8AE6","C",3,"Zone4_C"
"Eleocharis.uniglumis","#7B8AE6","C",3,"Zone4_C"
"Triglochin.maritima","#7B8AE6","C",3,"Zone4_C"
"Ulva.linza","#7B8AE6","C",3,"Zone4_C"
"Schoenoplectus.lacustris","#7B8AE6","C",3,"Zone4_C"
"Ascophyllum.nodosum","#7B8AE6","C",3,"Zone4_C"
"Lemna.minor","#7B8AE6","C",3,"Zone4_C"
"Laonice.bahusiensis","#7B8AE6","C",3,"Zone4_C"
"Paramphinome.jeffreysii","#7B8AE6","C",3,"Zone4_C"
"Molgula.manhattensis","#7B8AE6","C",3,"Zone4_C"
"Clytia.hemisphaerica","#7B8AE6","C",3,"Zone4_C"
"Metridium.senile","#7B8AE6","C",3,"Zone4_C"
"Polycirrus.plumosus","#7B8AE6","C",3,"Zone4_C"
"Hermania.scabra","#7B8AE6","C",3,"Zone4_C"
"Upogebia.deltaura","#7B8AE6","C",3,"Zone4_C"
"Microphthalmus.sczelkowii","#7B8AE6","C",3,"Zone4_C"
"Philine.quadripartita","#7B8AE6","C",3,"Zone4_C"
"Musculus.discors","#7B8AE6","C",3,"Zone4_C"
"Pusillina.inconspicua","#7B8AE6","C",3,"Zone4_C"
"Bathyporeia.pelagica","#7B8AE6","C",3,"Zone4_C"
"Gammarellus.homari","#7B8AE6","C",3,"Zone4_C"
"Phyllophora.crispa","#20A73C","B",2,"Zone4_B"
"Bonnemaisonia.asparagoides","#20A73C","B",2,"Zone4_B"
"Ptilota.gunneri","#20A73C","B",2,"Zone4_B"
"Rhodophyllis.divaricata","#20A73C","B",2,"Zone4_B"
"Apoglossum.ruscifolium","#20A73C","B",2,"Zone4_B"
"Heterosiphonia.plumosa","#20A73C","B",2,"Zone4_B"
"Spirorbis.corallinae","#E16A86","A",1,"Zone4_A"
"Halisarca.dujardinii","#E16A86","A",1,"Zone4_A"
"Monocorophium.insidiosum","#E16A86","A",1,"Zone4_A"
"Dictyosiphon.chordaria","#E16A86","A",1,"Zone4_A"
"Spongonema.tomentosum","#E16A86","A",1,"Zone4_A"
"Apherusa.bispinosa","#E16A86","A",1,"Zone4_A"
"Halosiphon.tomentosus","#E16A86","A",1,"Zone4_A"
"Spongomorpha.aeruginosa","#E16A86","A",1,"Zone4_A"
"Callithamnion.tetragonum","#E16A86","A",1,"Zone4_A"
"Sargassum.muticum","#E16A86","A",1,"Zone4_A"
"Halidrys.siliquosa","#E16A86","A",1,"Zone4_A"
"Spermatochnus.paradoxus","#E16A86","A",1,"Zone4_A"
"Chordaria.flagelliformis","#E16A86","A",1,"Zone4_A"
"Cladophora.rupestris","#E16A86","A",1,"Zone4_A"
"Modiolus.modiolus","#E16A86","A",1,"Zone4_A"
"Paraonis.fulgens","#E16A86","A",1,"Zone4_A"
