"scientific_name","zone_sum","presence_sum","zone_prop"
"Aglaothamnion.tenuissimum",249063,432567,0.57578
"Ahnfeltia.plicata",238251,282617,0.84302
"Apoglossum.ruscifolium",19753,19753,1
"Ascophyllum.nodosum",9122,9185,0.99314
"Asperococcus.bullosus",29231,29231,1
"Bolboschoenus.maritimus",3210,53194,0.06035
"Bonnemaisonia.asparagoides",44632,44632,1
"Bonnemaisonia.hamifera",311336,337080,0.92363
"Bryopsis.hypnoides",297854,341762,0.87152
"Bryopsis.plumosa",209966,223934,0.93762
"Callithamnion.corymbosum",356291,462146,0.77095
"Callithamnion.tetragonum",21263,21291,0.99868
"Caltha.palustris",525,16326,0.03216
"Ceramium.diaphanum",37035,507214,0.07302
"Ceramium.tenuicorne",64440,784063,0.08219
"Ceramium.virgatum",313263,408280,0.76727
"Chaetomorpha.linum",129001,367933,0.35061
"Chaetomorpha.melagonium",379751,451731,0.84066
"Chara.aspera",11,95198,0.00012
"Chara.baltica",6941,105387,0.06586
"Chara.canescens",1517,91050,0.01666
"Chondrus.crispus",278776,291091,0.95769
"Chorda.filum",109517,216166,0.50663
"Chordaria.flagelliformis",121327,122032,0.99422
"Cladophora.rupestris",125909,369017,0.3412
"Cladophora.sericea",130105,219244,0.59343
"Coccotylus.Phyllophora",421193,1527232,0.27579
"Colaconema.daviesii",192215,192215,1
"Corallina.officinalis",142732,142732,1
"Crassula.aquatica",62,2339,0.02651
"Cruoria.pellita",324135,334990,0.9676
"Cystoclonium.purpureum",331906,351587,0.94402
"Dasya.baillouviana",168851,179188,0.94231
"Dasysiphonia.japonica",105563,105563,1
"Delesseria.sanguinea",416159,552811,0.75281
"Derbesia.marina",310505,310592,0.99972
"Desmarestia.aculeata",294388,295810,0.99519
"Desmarestia.viridis",331645,725880,0.45689
"Dictyosiphon.chordaria",41337,48190,0.85779
"Dictyosiphon.foeniculaceus",74708,302236,0.24718
"Dilsea.carnosa",106431,106431,1
"Dumontia.contorta",157962,228451,0.69145
"Ectocarpus.Pylaiella",68484,624947,0.10958
"Elachista.fucicola",157067,305507,0.51412
"Eleocharis.parvula",169,12587,0.01343
"Eleocharis.uniglumis",4350,36250,0.12
"Erythrodermis.traillii",126087,126087,1
"Erythrotrichia.carnea",149508,149508,1
"Eudesme.virescens",19053,258156,0.0738
"Fucus.serratus",166700,169344,0.98439
"Fucus.vesiculosus.radicans",28328,228799,0.12381
"Furcellaria.lumbricalis",194067,711480,0.27277
"Gaillona.rosea",2081,298698,0.00697
"Halidrys.siliquosa",77858,77860,0.99997
"Halosiphon.tomentosus",26386,28569,0.92359
"Heterosiphonia.plumosa",42075,42075,1
"Juncus.gerardii",2768,31222,0.08866
"Laminaria.digitata",279911,294250,0.95127
"Laminaria.hyperborea",111916,111916,1
"Leathesia.marina",317745,455594,0.69743
"Lemna.minor",4940,37666,0.13115
"Limosella.aquatica",68,19350,0.00351
"Lithothamnion.glaciale",309654,315272,0.98218
"Lomentaria.clavellosa",106957,106957,1
"Melobesia.membranacea",107120,111215,0.96318
"Membranoptera.alata",278103,340568,0.81659
"Mesogloia.vermiculata",64523,74835,0.8622
"Nemalion.multifidum",96041,100256,0.95796
"Odonthalia.dentata",279160,279470,0.99889
"Palmaria.palmata",289870,297430,0.97458
"Peyssonnelia.dubyi",175391,175411,0.99989
"Phragmites.australis",1267,81466,0.01555
"Phycodrys.rubens",418842,477625,0.87693
"Phyllophora.crispa",38907,39007,0.99744
"Plumaria.plumosa",156301,156301,1
"Polyides.rotunda",429760,642212,0.66919
"Polysiphonia.elongata",140461,166890,0.84164
"Polysiphonia.stricta",520808,706477,0.73719
"Pterothamnion.plumula",214077,214091,0.99993
"Ptilota.gunneri",38987,38987,1
"Rhizoclonium.riparium",399,74138,0.00538
"Rhodochorton.purpureum",161567,380863,0.42421
"Rhodomela.confervoides",283004,1005231,0.28153
"Rhodophyllis.divaricata",43559,43559,1
"Rubrointrusa.membranacea",238718,246594,0.96806
"Ruppia.cirrhosa",58488,192558,0.30374
"Ruppia.maritima",28306,111555,0.25374
"Saccharina.latissima",309015,321652,0.96071
"Sargassum.muticum",14142,14143,0.99993
"Scagelothamnion.pusillum",347004,365080,0.95049
"Schoenoplectus.lacustris",1619,14696,0.11017
"Scytosiphon.lomentaria",75092,115522,0.65002
"Spermatochnus.paradoxus",100508,102602,0.97959
"Spermothamnion.repens",235322,261462,0.90002
"Sphacelaria.cirrosa",396223,420808,0.94158
"Sphaceloderma.caespitulum",172588,204583,0.84361
"Sphaerotrichia.divaricata",200341,230009,0.87101
"Spongomorpha.aeruginosa",22445,26503,0.84689
"Spongonema.tomentosum",32223,32671,0.98629
"Stictyosiphon.tortilis",124,33115,0.00374
"Stuckenia.pectinata",5310,273051,0.01945
"Triglochin.maritima",12013,37068,0.32408
"Typha.angustifolia",72,7428,0.00969
"Typha.latifolia",1,15988,6e-05
"Ulva.lactuca",142356,166265,0.8562
"Ulva.linza",9565,10718,0.89242
"Ulva.prolifera",12701,46528,0.27298
"Vertebrata.byssoides",338689,341355,0.99219
"Vertebrata.fucoides",163762,980348,0.16704
"Zannichellia.major",101,93638,0.00108
"Zannichellia.palustris",24028,272053,0.08832
"Zostera.marina",107415,204801,0.52448
"Abra.alba",153170,189883,0.80665
"Abra.nitida",232533,237448,0.9793
"Abyssoninoe.hibernica",159414,159553,0.99913
"Acanthocardia.echinata",29224,29301,0.99737
"Alitta.succinea",43211,182993,0.23613
"Alkmaria.romijni",255,6617,0.03854
"Ampelisca.brevicornis",173618,176475,0.98381
"Ampelisca.diadema",63241,63241,1
"Ampelisca.macrocephala",105210,106362,0.98917
"Ampharete.baltica",198322,446694,0.44398
"Amphiura.filiformis",269330,274011,0.98292
"Anobothrus.gracilis",101781,105752,0.96245
"Apherusa.bispinosa",31986,64342,0.49712
"Apistobranchus.tullbergi",29005,30112,0.96324
"Aporrhais.pespelecani",32744,32750,0.99982
"Arctica.islandica",261694,357218,0.73259
"Arenicola.marina",112341,238890,0.47026
"Aricidea.minuta",46375,77528,0.59817
"Aricidea.suecica",123100,260929,0.47178
"Artacama.proboscidea",20166,20296,0.99359
"Astarte.borealis",36584,171400,0.21344
"Astarte.elliptica",27048,173543,0.15586
"Astarte.montagui",17852,17859,0.99961
"Asterias.rubens",171402,257439,0.6658
"Baltidrilus.costatus",5639,63108,0.08935
"Bathyporeia.guilliamsonia",71415,71844,0.99403
"Bathyporeia.pelagica",2333,2333,1
"Bathyporeia.pilosa",49906,1281840,0.03893
"Bittium.reticulatum",86853,86854,0.99999
"Brada.villosa",53066,54797,0.96841
"Branchiostoma.lanceolatum",33220,33220,1
"Bylgides.sarsi",29203,2798600,0.01043
"Callopora.lineata",72622,98930,0.73407
"Capitella.capitata",125502,201932,0.62151
"Cerastoderma.edule",126951,201817,0.62904
"Cerastoderma.glaucum",23225,1218874,0.01905
"Chaetoderma.nitidulum",132144,134089,0.98549
"Chaetozone.setosa",320595,321772,0.99634
"Chalinula.limbata",158957,162236,0.97979
"Chamelea.gallina",139984,139984,1
"Clytia.hemisphaerica",1282,1289,0.99457
"Corbula.gibba",228383,258087,0.88491
"Corophium.volutator",9762,1652484,0.00591
"Crassicorophium.crassicor",30754,52694,0.58363
"Crenella.decussata",30305,30315,0.99967
"Cyanophthalma.obscura",783,735732,0.00106
"Cylichna.cylindracea",220432,221139,0.9968
"Dendrodoa.grossularia",21614,36971,0.58462
"Diastylis.laevis",82542,84634,0.97528
"Diastylis.rathkei",117687,1419963,0.08288
"Dipolydora.quadrilobata",51197,126330,0.40526
"Dosinia.exoleta",169826,169859,0.99981
"Echinocardium.cordatum",167045,169095,0.98788
"Echinocyamus.pusillus",214124,214825,0.99674
"Ecrobia.ventrosa",3125,603527,0.00518
"Edwardsia.longicornis",204173,205309,0.99447
"Einhornia.crustulenta",598,658107,0.00091
"Electra.pilosa",40851,57450,0.71107
"Ennucula.tenuis",189826,192180,0.98775
"Escharella.immersa",77088,77088,1
"Eteone.longa",261553,332859,0.78578
"Eucratea.loricata",208984,222648,0.93863
"Eudorella.truncatula",147588,153594,0.9609
"Eumida.bahusiensis",258659,266924,0.96904
"Eumida.sanguinea",130528,135363,0.96428
"Fabricia.stellaris",42554,248043,0.17156
"Fabulina.fabula",129193,129226,0.99974
"Filellum.serpens",348213,348669,0.99869
"Galathowenia.oculata",246480,252343,0.97677
"Gammarellus.homari",113,424,0.26651
"Gammarus.oceanicus",1,407320,0
"Gammarus.salinus",2106,1579576,0.00133
"Gammarus.tigrinus",328912,757503,0.43421
"Gammarus.zaddachi",4367,1637337,0.00267
"Gastrosaccus.spinifer",188524,256793,0.73415
"Gattyana.cirrhosa",423270,436336,0.97006
"Glycera.alba",245286,249978,0.98123
"Glycera.unicornis",194981,196364,0.99296
"Glycinde.nordmanni",120674,121126,0.99627
"Golfingia.vulgaris",119540,119541,0.99999
"Goniada.maculata",302757,306549,0.98763
"Halcampa.duodecimcirrata",70337,70359,0.99969
"Halicryptus.spinulosus",4293,2609721,0.00165
"Halisarca.dujardinii",13342,13919,0.95855
"Harmothoe.imbricata",207649,252801,0.82139
"Harpinia.antennaria",37833,37835,0.99995
"Hediste.diversicolor",46888,1347603,0.03479
"Hermania.scabra",23565,24215,0.97316
"Heteromastus.filiformis",223865,340003,0.65842
"Heterotanais.oerstedii",905,27679,0.0327
"Hiatella.arctica",66310,72149,0.91907
"Jaera.albifrons",20109,1301865,0.01545
"Kurtiella.bidentata",403198,459720,0.87705
"Labidoplax.buskii",48366,49338,0.9803
"Lanice.conchilega",154013,154013,1
"Laonice.bahusiensis",6242,6242,1
"Laonome.kroyeri",9974,9981,0.9993
"Levinsenia.gracilis",229050,256656,0.89244
"Limecola.balthica",42505,3370213,0.01261
"Lineus.ruber",31084,88746,0.35026
"Lysilla.loveni",35473,37129,0.9554
"Macoma.calcarea",136028,139336,0.97626
"Magelona.alleni",208549,208555,0.99997
"Magelona.minuta",120749,123810,0.97528
"Malacobdella.grossa",26178,46831,0.55899
"Maldane.sarsi",97578,101309,0.96317
"Marenzelleria",210,3960923,5e-05
"Mediomastus.fragilis",91522,94854,0.96487
"Metridium.senile",729,1525,0.47803
"Microphthalmus.sczelkowii",2277,2632,0.86512
"Micrura.baltica",141,717157,2e-04
"Modiolus.modiolus",52959,52959,1
"Molgula.manhattensis",496,1264,0.39241
"Monocorophium.insidiosum",21604,22643,0.95411
"Musculus.discors",8532,10909,0.78211
"Musculus.niger",42674,44035,0.96909
"Mya.arenaria",106271,1377896,0.07713
"Mya.truncata",62501,110426,0.566
"Mysia.undata",235782,236570,0.99667
"Mytilus",76735,1490848,0.05147
"Nephtys.assimilis",35030,35030,1
"Nephtys.caeca",265654,317432,0.83688
"Nephtys.ciliata",106278,133018,0.79897
"Nephtys.longosetosa",129988,129990,0.99998
"Nephtys.pente",50564,53724,0.94118
"Nereimyra.punctata",117836,141230,0.83436
"Notomastus.latericeus",190606,190784,0.99907
"Nucula.nitidosa",267347,272403,0.98144
"Ophelia.borealis",118964,119194,0.99807
"Ophelia.rathkei",28320,45936,0.61651
"Ophiura.albida",110052,127157,0.86548
"Owenia.fusiformis",141871,142258,0.99728
"Oxydromus.flexuosus",141916,143871,0.98641
"Paradoneis.eliasoni",79871,86448,0.92392
"Paramphinome.jeffreysii",3185,3186,0.99969
"Paraonis.fulgens",60390,63148,0.95632
"Parexogone.hebes",101774,101839,0.99936
"Pariambus.typicus",90445,91251,0.99117
"Parvicardium.pinnulatum",185584,257091,0.72186
"Pectinaria.belgica",74565,75140,0.99235
"Peringia.ulvae",97391,1228380,0.07928
"Perioculodes.longimanus",120891,120893,0.99998
"Phaxas.pellucidus",269140,287353,0.93662
"Pherusa.plumosa",65500,81218,0.80647
"Philine.quadripartita",17955,19848,0.90463
"Pholoe.assimilis",28450,37671,0.75522
"Pholoe.baltica",283177,289990,0.97651
"Pholoe.inornata",87291,88190,0.98981
"Phoronis.muelleri",276177,279985,0.9864
"Phoxocephalus.holbolli",31248,31251,0.9999
"Phyllodoce.groenlandica",181728,183879,0.9883
"Phyllodoce.mucosa",128326,274446,0.46758
"Phyllodoce.rosea",238749,243613,0.98003
"Pisione.remota",55281,62000,0.89163
"Platynereis.dumerilii",29110,37398,0.77838
"Poecilochaetus.serpens",157708,157713,0.99997
"Polycirrus.medusa",116165,118752,0.97822
"Polycirrus.norvegicus",143652,143818,0.99885
"Polycirrus.plumosus",17486,17486,1
"Polydora.cornuta",83046,117764,0.70519
"Polyphysia.crassa",23984,24431,0.9817
"Praxillella.praetermissa",163576,165547,0.98809
"Priapulus.caudatus",86746,624839,0.13883
"Prionospio.fallax",278672,283017,0.98465
"Prionospio.multibranchiat",76752,77855,0.98583
"Protomedeia.fasciata",59510,61743,0.96383
"Psammechinus.miliaris",33835,33857,0.99935
"Pusillina.inconspicua",1535,2549,0.6022
"Pygospio.elegans",157613,2066403,0.07627
"Rhodine.gracilior",153540,157834,0.97279
"Rhodine.loveni",49061,49299,0.99517
"Scalibregma.inflatum",317773,331505,0.95858
"Scoloplos.armiger",341036,589625,0.57839
"Scrobicularia.plana",29005,30381,0.95471
"Sertularia.cupressina",22929,24480,0.93664
"Sphaerodorum.gracilis",51058,52280,0.97663
"Spio.filicornis",218697,218793,0.99956
"Spio.goniocephala",46466,88785,0.52335
"Spiophanes.bombyx",150124,150126,0.99999
"Spirorbis.corallinae",35357,35357,1
"Spisula.subtruncata",94502,98011,0.9642
"Streblospio.shrubsolii",16405,310126,0.0529
"Tanaissus.lilljeborgi",80677,83432,0.96698
"Tellimya.ferruginosa",163877,164624,0.99546
"Terebellides.stroemii",301738,545516,0.55312
"Theodoxus.fluviatilis",1869,592055,0.00316
"Thracia.phaseolina",215062,215099,0.99983
"Thyasira.flexuosa",246255,252154,0.97661
"Trichobranchus.roseus",133253,134162,0.99322
"Trochochaeta.multisetosa",179221,246950,0.72574
"Tubificoides.benedii",115792,400222,0.28932
"Tubificoides.pseudogaster",5847,34808,0.16798
"Tubulanus.polymorphus",172921,179057,0.96573
"Turritella.communis",193350,193362,0.99994
"Upogebia.deltaura",17815,17815,1
"Virgularia.mirabilis",77460,79158,0.97855
"Westwoodilla.caecula",102006,102319,0.99694
